timestamp,parameter,value_hrf
2019-02-04 00:00:00,so2,0.24591296296296297
2019-02-04 00:05:00,so2,0.257065
2019-02-04 00:10:00,so2,0.23185166666666668
2019-02-04 00:15:00,so2,0.276948064516129
2019-02-04 00:20:00,so2,0.19955166666666665
2019-02-04 00:25:00,so2,0.25528878787878784
2019-02-04 00:30:00,so2,0.19339303030303026
2019-02-04 00:35:00,so2,0.3061976470588236
2019-02-04 00:40:00,so2,0.2636917647058824
2019-02-04 00:45:00,so2,0.23721
2019-02-04 00:50:00,so2,0.179888
2019-02-04 00:55:00,so2,0.18169925925925928
2019-02-04 01:00:00,so2,0.23418057142857138
2019-02-04 01:05:00,so2,0.2149525
2019-02-04 01:10:00,so2,0.16295935483870966
2019-02-04 01:15:00,so2,0.14516999999999997
2019-02-04 01:20:00,so2,0.2970777777777777
2019-02-04 01:25:00,so2,0.25738710526315794
2019-02-04 01:30:00,so2,0.26273741935483874
2019-02-04 01:35:00,so2,0.24024935483870974
2019-02-04 01:40:00,so2,0.20537230769230774
2019-02-04 01:45:00,so2,0.21622
2019-02-04 01:50:00,so2,0.15427300000000002
2019-02-04 01:55:00,so2,0.132462
2019-02-04 02:00:00,so2,0.2242859259259259
2019-02-04 02:05:00,so2,0.2297580769230769
2019-02-04 02:10:00,so2,0.20662166666666668
2019-02-04 02:15:00,so2,0.2228875757575757
2019-02-04 02:20:00,so2,0.17052870967741934
2019-02-04 02:25:00,so2,0.20992708333333335
2019-02-04 02:30:00,so2,0.2097503448275862
2019-02-04 02:35:00,so2,0.20644916666666668
2019-02-04 02:40:00,so2,0.29513931034482754
2019-02-04 02:45:00,so2,0.20658279999999998
2019-02-04 02:50:00,so2,0.14282599999999995
2019-02-04 02:55:00,so2,0.17739956521739134
2019-02-04 03:00:00,so2,0.1493769444444445
2019-02-04 03:05:00,so2,0.2208013793103449
2019-02-04 03:10:00,so2,0.1334085714285714
2019-02-04 03:15:00,so2,0.1726518181818182
2019-02-04 03:20:00,so2,0.24725333333333335
2019-02-04 03:25:00,so2,0.1618273076923077
2019-02-04 03:30:00,so2,0.17323476190476192
2019-02-04 03:35:00,so2,0.24168999999999996
2019-02-04 03:40:00,so2,0.218575
2019-02-04 03:45:00,so2,0.28527772727272727
2019-02-04 03:50:00,so2,0.21418076923076917
2019-02-04 03:55:00,so2,0.21908657142857144
2019-02-04 04:00:00,so2,0.20081916666666666
2019-02-04 04:05:00,so2,0.16429218750000005
2019-02-04 04:10:00,so2,0.22137818181818184
2019-02-04 04:15:00,so2,0.18480800000000003
2019-02-04 04:20:00,so2,0.239358
2019-02-04 04:25:00,so2,0.1807922727272727
2019-02-04 04:30:00,so2,0.232865
2019-02-04 04:35:00,so2,0.24522464285714288
2019-02-04 04:40:00,so2,0.16555499999999995
2019-02-04 04:45:00,so2,0.24741266666666667
2019-02-04 04:50:00,so2,0.178167
2019-02-04 04:55:00,so2,0.22817793103448275
2019-02-04 05:00:00,so2,0.1917452380952381
2019-02-04 05:05:00,so2,0.18429500000000001
2019-02-04 05:10:00,so2,0.20458633333333334
2019-02-04 05:15:00,so2,0.24566576923076924
2019-02-04 05:20:00,so2,0.2155317647058823
2019-02-04 05:25:00,so2,0.24049272727272727
2019-02-04 05:30:00,so2,0.27555030303030303
2019-02-04 05:35:00,so2,0.22777441176470584
2019-02-04 05:40:00,so2,0.2697493103448276
2019-02-04 05:45:00,so2,0.195523
2019-02-04 05:50:00,so2,0.1902489285714286
2019-02-04 05:55:00,so2,0.23566923076923077
2019-02-04 06:00:00,so2,0.21728692307692313
2019-02-04 06:05:00,so2,0.1793251612903226
2019-02-04 06:10:00,so2,0.17397481481481483
2019-02-04 06:15:00,so2,0.20108407407407414
2019-02-04 06:20:00,so2,0.20150379310344824
2019-02-04 06:25:00,so2,0.19740193548387094
2019-02-04 06:30:00,so2,0.18725529411764705
2019-02-04 06:35:00,so2,0.1750241176470588
2019-02-04 06:40:00,so2,0.1927551724137931
2019-02-04 06:45:00,so2,0.15453818181818188
2019-02-04 06:50:00,so2,0.14788966666666664
2019-02-04 06:55:00,so2,0.19257371428571418
2019-02-04 07:00:00,so2,0.1761617142857143
2019-02-04 07:05:00,so2,0.15989461538461539
2019-02-04 07:10:00,so2,0.2286937037037037
2019-02-04 07:15:00,so2,0.22281657142857145
2019-02-04 07:20:00,so2,0.26992378378378373
2019-02-04 07:25:00,so2,0.1947063636363636
2019-02-04 07:30:00,so2,0.19848828571428573
2019-02-04 07:35:00,so2,0.26319586206896556
2019-02-04 07:40:00,so2,0.16606909090909092
2019-02-04 07:45:00,so2,0.1920175
2019-02-04 07:50:00,so2,0.2124548648648649
2019-02-04 07:55:00,so2,0.23090653846153852
2019-02-04 08:00:00,so2,0.16622214285714285
2019-02-04 08:05:00,so2,0.19005500000000003
2019-02-04 08:10:00,so2,0.24160499999999996
2019-02-04 08:15:00,so2,0.22906758620689657
2019-02-04 08:20:00,so2,0.17454031250000004
2019-02-04 08:25:00,so2,0.2688515384615384
2019-02-04 08:30:00,so2,0.190735
2019-02-04 08:35:00,so2,0.17572680000000002
2019-02-04 08:40:00,so2,0.20393621621621627
2019-02-04 08:45:00,so2,0.22021235294117647
2019-02-04 08:50:00,so2,0.213760303030303
2019-02-04 08:55:00,so2,0.2580355172413793
2019-02-04 09:00:00,so2,0.20581225806451608
2019-02-04 09:05:00,so2,0.22991235294117648
2019-02-04 09:10:00,so2,0.2034737837837838
2019-02-04 09:15:00,so2,0.17943138888888888
2019-02-04 09:20:00,so2,0.23409589743589748
2019-02-04 09:25:00,so2,0.2593351282051282
2019-02-04 09:30:00,so2,0.1934656756756757
2019-02-04 09:35:00,so2,0.22787620689655175
2019-02-04 09:40:00,so2,0.1713107692307692
2019-02-04 09:45:00,so2,0.24690875000000007
2019-02-04 09:50:00,so2,0.16067833333333334
2019-02-04 09:55:00,so2,0.1774742857142857
2019-02-04 10:00:00,so2,0.16058923076923073
2019-02-04 10:05:00,so2,0.18075148148148149
2019-02-04 10:10:00,so2,0.26257941176470595
2019-02-04 10:15:00,so2,0.17155314285714285
2019-02-04 10:20:00,so2,0.25151399999999996
2019-02-04 10:25:00,so2,0.18123538461538463
2019-02-04 10:30:00,so2,0.15661
2019-02-04 10:35:00,so2,0.1772116666666666
2019-02-04 10:40:00,so2,0.1470575
2019-02-04 10:45:00,so2,0.20848566666666665
2019-02-04 10:50:00,so2,0.21707437499999996
2019-02-04 10:55:00,so2,0.23834884615384616
2019-02-04 11:00:00,so2,0.18014241379310345
2019-02-04 11:05:00,so2,0.1571748
2019-02-04 11:10:00,so2,0.15440592592592595
2019-02-04 11:15:00,so2,0.17433952380952383
2019-02-04 11:20:00,so2,0.195831
2019-02-04 11:25:00,so2,0.16179608695652173
2019-02-04 11:30:00,so2,0.1923237037037037
2019-02-04 11:35:00,so2,0.24544576923076927
2019-02-04 11:40:00,so2,0.27458882352941183
2019-02-04 11:45:00,so2,0.150759375
2019-02-04 11:50:00,so2,0.11646181818181817
2019-02-04 11:55:00,so2,0.12680874999999997
2019-02-04 12:00:00,so2,0.20084913043478264
2019-02-04 12:05:00,so2,0.21506521739130433
2019-02-04 12:10:00,so2,0.1877496
2019-02-04 12:15:00,so2,0.23150052631578952
2019-02-04 12:20:00,so2,0.2271414285714286
2019-02-04 12:25:00,so2,0.19334624999999994
2019-02-04 12:30:00,so2,0.2402416666666667
2019-02-04 12:35:00,so2,0.16922619047619053
2019-02-04 12:40:00,so2,0.17300055555555555
2019-02-04 12:45:00,so2,0.19604555555555556
2019-02-04 12:50:00,so2,0.1686721052631579
2019-02-04 12:55:00,so2,0.22043444444444446
2019-02-04 13:00:00,so2,0.14939666666666665
2019-02-04 13:05:00,so2,0.18706741935483867
2019-02-04 13:10:00,so2,0.1570295652173913
2019-02-04 13:15:00,so2,0.19734931034482758
2019-02-04 13:20:00,so2,0.17196833333333336
2019-02-04 13:25:00,so2,0.16922037037037033
2019-02-04 13:30:00,so2,0.19685222222222226
2019-02-04 13:35:00,so2,0.1959166666666667
2019-02-04 13:40:00,so2,0.20193500000000006
2019-02-04 13:45:00,so2,0.2627654545454545
2019-02-04 13:50:00,so2,0.20723916666666664
2019-02-04 13:55:00,so2,0.18193
2019-02-04 14:00:00,so2,0.24046185185185193
2019-02-04 14:05:00,so2,0.2428267741935484
2019-02-04 14:10:00,so2,0.15704714285714286
2019-02-04 14:15:00,so2,0.24036275862068962
2019-02-04 14:20:00,so2,0.1638035714285714
2019-02-04 14:25:00,so2,0.2032496875
2019-02-04 14:30:00,so2,0.16003375000000003
2019-02-04 14:35:00,so2,0.15844826086956523
2019-02-04 14:40:00,so2,0.2062804545454546
2019-02-04 14:45:00,so2,0.2807092307692307
2019-02-04 14:50:00,so2,0.1637217391304348
2019-02-04 14:55:00,so2,0.1466421739130435
2019-02-04 15:00:00,so2,0.19851862068965515
2019-02-04 15:05:00,so2,0.1827957142857142
2019-02-04 15:10:00,so2,0.21388749999999998
2019-02-04 15:15:00,so2,0.23974866666666675
2019-02-04 15:20:00,so2,0.20054153846153847
2019-02-04 15:25:00,so2,0.18409200000000003
2019-02-04 15:30:00,so2,0.1476019230769231
2019-02-04 15:35:00,so2,0.24758903225806453
2019-02-04 15:40:00,so2,0.1788525
2019-02-04 15:45:00,so2,0.18646318181818183
2019-02-04 15:50:00,so2,0.19601888888888885
2019-02-04 15:55:00,so2,0.27154
2019-02-04 16:00:00,so2,0.20416833333333337
2019-02-04 16:05:00,so2,0.1922358064516129
2019-02-04 16:10:00,so2,0.1960848387096774
2019-02-04 16:15:00,so2,0.2258159375
2019-02-04 16:20:00,so2,0.17707476190476193
2019-02-04 16:25:00,so2,0.25692066666666663
2019-02-04 16:30:00,so2,0.1865580769230769
2019-02-04 16:35:00,so2,0.153929
2019-02-04 16:40:00,so2,0.21695454545454543
2019-02-04 16:45:00,so2,0.1743047826086956
2019-02-04 16:50:00,so2,1.246936046511628
2019-02-04 16:55:00,so2,4.701136521739131
2019-02-04 17:00:00,so2,3.477049387755103
2019-02-04 17:05:00,so2,0.4504951351351353
2019-02-04 17:10:00,so2,0.39255882352941185
2019-02-04 17:15:00,so2,0.4114605555555555
2019-02-04 17:20:00,so2,0.3678553488372092
2019-02-04 17:25:00,so2,0.34898049999999997
2019-02-04 17:30:00,so2,0.47641249999999985
2019-02-04 17:35:00,so2,2.0292995121951223
2019-02-04 17:40:00,so2,0.4292795238095239
2019-02-04 17:45:00,so2,0.4920532432432432
2019-02-04 17:50:00,so2,0.45921097560975604
2019-02-04 17:55:00,so2,0.5558082051282051
2019-02-04 18:00:00,so2,0.3966297619047621
2019-02-04 18:05:00,so2,0.4755883720930233
2019-02-04 18:10:00,so2,0.49137341463414635
2019-02-04 18:15:00,so2,0.45623891304347813
2019-02-04 18:20:00,so2,0.3875853333333333
2019-02-04 18:25:00,so2,0.5286230555555558
2019-02-04 18:30:00,so2,0.6128103125
2019-02-04 18:35:00,so2,0.4619786206896551
2019-02-04 18:40:00,so2,0.5145002564102565
2019-02-04 18:45:00,so2,0.459883409090909
2019-02-04 18:50:00,so2,0.4692656818181819
2019-02-04 18:55:00,so2,0.3982323076923076
2019-02-04 19:00:00,so2,0.43495204081632655
2019-02-04 19:05:00,so2,0.6665440000000001
2019-02-04 19:10:00,so2,0.48686843750000003
2019-02-04 19:15:00,so2,0.47915560975609756
2019-02-04 19:20:00,so2,0.6055489473684211
2019-02-04 19:25:00,so2,0.548730975609756
2019-02-04 19:30:00,so2,0.6300876315789475
2019-02-04 19:35:00,so2,0.6052344680851063
2019-02-04 19:40:00,so2,0.6975567500000002
2019-02-04 19:45:00,so2,5.02771810810811
2019-02-04 19:50:00,so2,2.940207894736842
2019-02-04 19:55:00,so2,4.1717
2019-02-04 20:00:00,so2,1.3306797222222222
2019-02-04 20:05:00,so2,3.6002589743589746
2019-02-04 20:10:00,so2,3.84190037735849
2019-02-04 20:15:00,so2,3.266042222222222
2019-02-04 20:20:00,so2,2.9288366666666668
2019-02-04 20:25:00,so2,2.066079615384616
2019-02-04 20:30:00,so2,1.3985877358490564
2019-02-04 20:35:00,so2,1.0623789130434782
2019-02-04 20:40:00,so2,0.6413387179487179
2019-02-04 20:45:00,so2,0.6184033333333334
2019-02-04 20:50:00,so2,0.5339757575757577
2019-02-04 20:55:00,so2,0.4693004878048781
2019-02-04 21:00:00,so2,0.5408408333333333
2019-02-04 21:05:00,so2,0.49772090909090905
2019-02-04 21:10:00,so2,0.4289585365853659
2019-02-04 21:15:00,so2,0.46641058823529413
2019-02-04 21:20:00,so2,0.4829610344827586
2019-02-04 21:25:00,so2,0.3227752777777778
2019-02-04 21:30:00,so2,0.4027144117647059
2019-02-04 21:35:00,so2,0.42352612903225806
2019-02-04 21:40:00,so2,0.3381817647058822
2019-02-04 21:45:00,so2,0.2088514705882353
2019-02-04 21:50:00,so2,0.27826028571428574
2019-02-04 21:55:00,so2,0.31866843749999996
2019-02-04 22:00:00,so2,0.34557324324324323
2019-02-04 22:05:00,so2,0.43022799999999994
2019-02-04 22:10:00,so2,0.5099846153846154
2019-02-04 22:15:00,so2,2.3096422500000005
2019-02-04 22:20:00,so2,0.5142503703703705
2019-02-04 22:25:00,so2,0.28909529411764706
2019-02-04 22:30:00,so2,0.6121854545454546
2019-02-04 22:35:00,so2,0.3595506896551724
2019-02-04 22:40:00,so2,0.4376131818181818
2019-02-04 22:45:00,so2,0.3795559090909091
2019-02-04 22:50:00,so2,0.3865125925925927
2019-02-04 22:55:00,so2,0.3552671428571429
2019-02-04 23:00:00,so2,0.3222035135135135
2019-02-04 23:05:00,so2,0.40834600000000004
2019-02-04 23:10:00,so2,0.3882899999999999
2019-02-04 23:15:00,so2,0.3080569999999999
2019-02-04 23:20:00,so2,0.3476357575757576
2019-02-04 23:25:00,so2,0.32195514285714283
2019-02-04 23:30:00,so2,0.20481606060606056
2019-02-04 23:35:00,so2,0.3906678787878788
2019-02-04 23:40:00,so2,0.22156360000000003
2019-02-04 23:45:00,so2,0.2238661904761904
2019-02-04 23:50:00,so2,0.2565560606060607
2019-02-04 23:55:00,so2,0.30653761904761906
2019-02-05 00:00:00,so2,0.266865945945946
2019-02-05 00:05:00,so2,0.23608270270270268
2019-02-05 00:10:00,so2,0.2000287179487179
2019-02-05 00:15:00,so2,0.2561292592592593
2019-02-05 00:20:00,so2,0.27423279999999994
2019-02-05 00:25:00,so2,0.3098938636363637
2019-02-05 00:30:00,so2,0.1783106666666667
2019-02-05 00:35:00,so2,0.20842470588235296
2019-02-05 00:40:00,so2,0.2141585714285715
2019-02-05 00:45:00,so2,0.29329057142857134
2019-02-05 00:50:00,so2,0.2443797872340426
2019-02-05 00:55:00,so2,0.18234473684210528
2019-02-05 01:00:00,so2,0.19902115384615388
2019-02-05 01:05:00,so2,0.291144
2019-02-05 01:10:00,so2,0.22631399999999996
2019-02-05 01:15:00,so2,0.22617947368421054
2019-02-05 01:20:00,so2,0.25480428571428565
2019-02-05 01:25:00,so2,0.29548833333333324
2019-02-05 01:30:00,so2,0.26590777777777785
2019-02-05 01:35:00,so2,0.43523449999999997
2019-02-05 01:40:00,so2,0.3999293333333333
2019-02-05 01:45:00,so2,0.4955357446808512
2019-02-05 01:50:00,so2,0.8914989743589745
2019-02-05 01:55:00,so2,0.7994153703703702
2019-02-05 02:00:00,so2,0.910431320754717
2019-02-05 02:05:00,so2,1.1622434146341463
2019-02-05 02:10:00,so2,1.2676282222222222
2019-02-05 02:15:00,so2,1.2299886792452832
2019-02-05 02:20:00,so2,1.2875386792452832
2019-02-05 02:25:00,so2,1.404263846153846
2019-02-05 02:30:00,so2,2.0974702325581394
2019-02-05 02:35:00,so2,1.5452324000000004
2019-02-05 02:40:00,so2,1.6919503846153843
2019-02-05 02:45:00,so2,1.852913725490196
2019-02-05 02:50:00,so2,1.8199048076923081
2019-02-05 02:55:00,so2,2.151493191489362
2019-02-05 03:00:00,so2,2.0533402127659577
2019-02-05 03:05:00,so2,4.1103902
2019-02-05 03:10:00,so2,4.634366444444444
2019-02-05 03:15:00,so2,5.903353518518515
2019-02-05 03:20:00,so2,5.917455762711866
2019-02-05 03:25:00,so2,6.319091551724136
2019-02-05 03:30:00,so2,5.426303770491803
2019-02-05 03:35:00,so2,6.412894545454543
2019-02-05 03:40:00,so2,6.056004237288137
2019-02-05 03:45:00,so2,5.652591475409836
2019-02-05 03:50:00,so2,5.879414285714285
2019-02-05 03:55:00,so2,6.768798571428571
2019-02-05 04:00:00,so2,5.5084961904761895
2019-02-05 04:05:00,so2,5.091338852459016
2019-02-05 04:10:00,so2,6.232770769230769
2019-02-05 04:15:00,so2,4.992042833333334
2019-02-05 04:20:00,so2,5.109325
2019-02-05 04:25:00,so2,5.558716226415093
2019-02-05 04:30:00,so2,6.585675106382978
2019-02-05 04:35:00,so2,5.881585454545455
2019-02-05 04:40:00,so2,6.533206274509801
2019-02-05 04:45:00,so2,6.080152075471698
2019-02-05 04:50:00,so2,6.192881272727274
2019-02-05 04:55:00,so2,5.616047166666666
2019-02-05 05:00:00,so2,5.830212203389832
2019-02-05 05:05:00,so2,5.880718852459018
2019-02-05 05:10:00,so2,5.1312177777777785
2019-02-05 05:15:00,so2,5.686926034482756
2019-02-05 05:20:00,so2,5.882253999999998
2019-02-05 05:25:00,so2,5.76299
2019-02-05 05:30:00,so2,6.3358388
2019-02-05 05:35:00,so2,5.560057222222223
2019-02-05 05:40:00,so2,6.098319423076925
2019-02-05 05:45:00,so2,5.192273114754099
2019-02-05 05:50:00,so2,5.44382403508772
2019-02-05 05:55:00,so2,4.370220958904109
2019-02-05 06:00:00,so2,5.140620163934426
2019-02-05 06:05:00,so2,4.6125895238095245
2019-02-05 06:10:00,so2,4.874756666666667
2019-02-05 06:15:00,so2,4.410785624999999
2019-02-05 06:20:00,so2,5.675028076923076
2019-02-05 06:25:00,so2,4.621086031746032
2019-02-05 06:30:00,so2,4.551894444444443
2019-02-05 06:35:00,so2,5.331070363636364
2019-02-05 06:40:00,so2,4.064945454545454
2019-02-05 06:45:00,so2,4.232350923076924
2019-02-05 06:50:00,so2,6.0042182
2019-02-05 06:55:00,so2,5.310669298245614
2019-02-05 07:00:00,so2,4.570987121212123
2019-02-05 07:05:00,so2,5.331476333333333
2019-02-05 07:10:00,so2,4.979420819672131
2019-02-05 07:15:00,so2,5.497931785714286
2019-02-05 07:20:00,so2,2.1758585714285714
2019-02-05 07:25:00,so2,2.1051993877551016
2019-02-05 07:30:00,so2,1.9662722000000006
2019-02-05 07:35:00,so2,2.424770444444445
2019-02-05 07:40:00,so2,3.143736756756757
2019-02-05 07:45:00,so2,2.4570756250000008
2019-02-05 07:50:00,so2,3.073870270270269
2019-02-05 07:55:00,so2,2.092563518518518
2019-02-05 08:00:00,so2,2.530049565217392
2019-02-05 08:05:00,so2,2.6754477272727275
2019-02-05 08:10:00,so2,2.741812439024391
2019-02-05 08:15:00,so2,2.4454896153846155
2019-02-05 08:20:00,so2,2.1954758620689656
2019-02-05 08:25:00,so2,2.5614991999999996
2019-02-05 08:30:00,so2,3.357017692307693
2019-02-05 08:35:00,so2,2.844146199999999
2019-02-05 08:40:00,so2,2.986203137254902
2019-02-05 08:45:00,so2,2.6296054000000004
2019-02-05 08:50:00,so2,3.2572842553191492
2019-02-05 08:55:00,so2,3.0082699999999996
2019-02-05 09:00:00,so2,3.1003011764705883
2019-02-05 09:05:00,so2,2.6844927586206895
2019-02-05 09:10:00,so2,2.586439516129033
2019-02-05 09:15:00,so2,3.2262982
2019-02-05 09:20:00,so2,2.827629661016949
2019-02-05 09:25:00,so2,2.9328442105263166
2019-02-05 09:30:00,so2,4.496684594594595
2019-02-05 09:35:00,so2,3.6917128888888886
2019-02-05 09:40:00,so2,2.7173285483870973
2019-02-05 09:45:00,so2,2.9210294915254242
2019-02-05 09:50:00,so2,2.847506507936508
2019-02-05 09:55:00,so2,2.813375645161291
2019-02-05 10:00:00,so2,3.2239302000000003
2019-02-05 10:05:00,so2,3.0029368965517254
2019-02-05 10:10:00,so2,4.6662603448275854
2019-02-05 10:15:00,so2,3.7967531111111117
2019-02-05 10:20:00,so2,4.0471835897435895
2019-02-05 10:25:00,so2,3.889483333333333
2019-02-05 10:30:00,so2,2.8775165573770485
2019-02-05 10:35:00,so2,3.183692545454546
2019-02-05 10:40:00,so2,3.906994222222222
2019-02-05 10:45:00,so2,3.8793191304347827
2019-02-05 10:50:00,so2,3.237107636363636
2019-02-05 10:55:00,so2,3.0867589830508484
2019-02-05 11:00:00,so2,3.384968888888889
2019-02-05 11:05:00,so2,3.152740172413794
2019-02-05 11:10:00,so2,2.996732666666666
2019-02-05 11:15:00,so2,3.1599682456140354
2019-02-05 11:20:00,so2,2.753161833333334
2019-02-05 11:25:00,so2,3.3068845454545452
2019-02-05 11:30:00,so2,3.1836010714285705
2019-02-05 11:35:00,so2,3.5182991836734683
2019-02-05 11:40:00,so2,4.273857894736842
2019-02-05 11:45:00,so2,3.138234807692307
2019-02-05 11:50:00,so2,3.238567234042554
2019-02-05 11:55:00,so2,4.076696750000001
2019-02-05 12:00:00,so2,3.653422888888888
2019-02-05 12:05:00,so2,2.8954791071428567
2019-02-05 12:10:00,so2,3.106393333333333
2019-02-05 12:15:00,so2,3.330346250000001
2019-02-05 12:20:00,so2,3.6412732558139527
2019-02-05 12:25:00,so2,3.190519591836736
2019-02-05 12:30:00,so2,4.189671891891892
2019-02-05 12:35:00,so2,4.816835312500001
2019-02-05 12:40:00,so2,3.1824832499999998
2019-02-05 12:45:00,so2,4.460347272727273
2019-02-05 12:50:00,so2,3.763169743589743
2019-02-05 12:55:00,so2,3.2877471428571434
2019-02-05 13:00:00,so2,4.579304375000001
2019-02-05 13:05:00,so2,3.2846206666666666
2019-02-05 13:10:00,so2,3.128032765957447
2019-02-05 13:15:00,so2,3.5531361904761902
2019-02-05 13:20:00,so2,2.4966383333333337
2019-02-05 13:25:00,so2,3.0820851063829777
2019-02-05 13:30:00,so2,3.0682693617021277
2019-02-05 13:35:00,so2,2.2393767692307684
2019-02-05 13:40:00,so2,2.338865245901639
2019-02-05 13:45:00,so2,2.552768545454544
2019-02-05 13:50:00,so2,3.0959747727272737
2019-02-05 13:55:00,so2,2.294788235294118
2019-02-05 14:00:00,so2,2.555832407407407
2019-02-05 14:05:00,so2,2.8307876190476184
2019-02-05 14:10:00,so2,2.2132462295081963
2019-02-05 14:15:00,so2,2.1546290163934425
2019-02-05 14:20:00,so2,2.276298333333334
2019-02-05 14:25:00,so2,2.4087235714285717
2019-02-05 14:30:00,so2,2.484032545454545
2019-02-05 14:35:00,so2,2.6216970588235293
2019-02-05 14:40:00,so2,2.629492999999999
2019-02-05 14:45:00,so2,2.469118867924529
2019-02-05 14:50:00,so2,2.8631156818181824
2019-02-05 14:55:00,so2,2.7352062499999996
2019-02-05 15:00:00,so2,2.184582459016393
2019-02-05 15:05:00,so2,2.9436930769230774
2019-02-05 15:10:00,so2,6.881569215686272
2019-02-05 15:15:00,so2,5.432990793650792
2019-02-05 15:20:00,so2,5.179188235294118
2019-02-05 15:25:00,so2,5.977527118644071
2019-02-05 15:30:00,so2,5.617009677419354
2019-02-05 15:35:00,so2,6.032779107142859
2019-02-05 15:40:00,so2,5.553269354838709
2019-02-05 15:45:00,so2,4.487987121212123
2019-02-05 15:50:00,so2,4.002297627118644
2019-02-05 15:55:00,so2,2.9137022916666666
2019-02-05 16:00:00,so2,2.6752713207547174
2019-02-05 16:05:00,so2,3.1027457777777783
2019-02-05 16:10:00,so2,2.6894620754716985
2019-02-05 16:15:00,so2,2.5517598214285706
2019-02-05 16:20:00,so2,2.802335510204081
2019-02-05 16:25:00,so2,2.546526851851852
2019-02-05 16:30:00,so2,2.443778490566038
2019-02-05 16:35:00,so2,2.8852446938775516
2019-02-05 16:40:00,so2,2.897819
2019-02-05 16:45:00,so2,3.3545778048780486
2019-02-05 16:50:00,so2,3.618293947368421
2019-02-05 16:55:00,so2,2.5137748214285724
2019-02-05 17:00:00,so2,2.5188898214285724
2019-02-05 17:05:00,so2,2.977433829787234
2019-02-05 17:10:00,so2,2.895607450980393
2019-02-05 17:15:00,so2,2.8150330769230774
2019-02-05 17:20:00,so2,3.275385454545454
2019-02-05 17:25:00,so2,2.432432333333333
2019-02-05 17:30:00,so2,2.708317818181819
2019-02-05 17:35:00,so2,3.2220521739130423
2019-02-05 17:40:00,so2,3.089276122448979
2019-02-05 17:45:00,so2,2.139993661971831
2019-02-05 17:50:00,so2,2.487999672131148
2019-02-05 17:55:00,so2,2.4934698214285715
2019-02-05 18:00:00,so2,2.814474528301887
2019-02-05 18:05:00,so2,2.5780662711864406
2019-02-05 18:10:00,so2,2.731188148148149
2019-02-05 18:15:00,so2,3.0041789583333327
2019-02-05 18:20:00,so2,2.692891666666667
2019-02-05 18:25:00,so2,3.176675217391305
2019-02-05 18:30:00,so2,2.2186804285714277
2019-02-05 18:35:00,so2,2.4396683870967735
2019-02-05 18:40:00,so2,2.816193518518518
2019-02-05 18:45:00,so2,2.791800178571428
2019-02-05 18:50:00,so2,2.993526923076923
2019-02-05 18:55:00,so2,3.341662826086957
2019-02-05 19:00:00,so2,2.6477430357142864
2019-02-05 19:05:00,so2,3.104218301886792
2019-02-05 19:10:00,so2,4.06135731707317
2019-02-05 19:15:00,so2,2.7902499999999995
2019-02-05 19:20:00,so2,2.709526562500001
2019-02-05 19:25:00,so2,3.5379391111111103
2019-02-05 19:30:00,so2,2.833110862068965
2019-02-05 19:35:00,so2,3.2928574509803927
2019-02-05 19:40:00,so2,3.163000566037736
2019-02-05 19:45:00,so2,2.9811867272727284
2019-02-05 19:50:00,so2,2.590688253968253
2019-02-05 19:55:00,so2,2.9937590740740734
2019-02-05 20:00:00,so2,2.440203823529412
2019-02-05 20:05:00,so2,2.7842077192982457
2019-02-05 20:10:00,so2,2.8734355357142856
2019-02-05 20:15:00,so2,3.273687058823529
2019-02-05 20:20:00,so2,3.3158418
2019-02-05 20:25:00,so2,3.1458518
2019-02-05 20:30:00,so2,3.5295795833333337
2019-02-05 20:35:00,so2,3.1089725454545456
2019-02-05 20:40:00,so2,2.6251175757575753
2019-02-05 20:45:00,so2,3.3503886274509798
2019-02-05 20:50:00,so2,3.1887881818181825
2019-02-05 20:55:00,so2,3.5331673469387757
2019-02-05 21:00:00,so2,3.1128532203389816
2019-02-05 21:05:00,so2,3.420927454545455
2019-02-05 21:10:00,so2,3.867271666666666
2019-02-05 21:15:00,so2,3.4416466666666676
2019-02-05 21:20:00,so2,3.4705075925925937
2019-02-05 21:25:00,so2,3.7395625999999997
2019-02-05 21:30:00,so2,3.6722476923076925
2019-02-05 21:35:00,so2,3.250365166666666
2019-02-05 21:40:00,so2,3.5853032000000002
2019-02-05 21:45:00,so2,3.0979048484848493
2019-02-05 21:50:00,so2,3.3806996721311466
2019-02-05 21:55:00,so2,3.819758200000001
2019-02-05 22:00:00,so2,3.461918548387095
2019-02-05 22:05:00,so2,4.193696470588235
2019-02-05 22:10:00,so2,4.0201705769230776
2019-02-05 22:15:00,so2,3.7347333333333332
2019-02-05 22:20:00,so2,3.7081718644067796
2019-02-05 22:25:00,so2,3.6897959322033893
2019-02-05 22:30:00,so2,4.054711111111112
2019-02-05 22:35:00,so2,3.930650545454544
2019-02-05 22:40:00,so2,3.364089538461537
2019-02-05 22:45:00,so2,4.279311923076924
2019-02-05 22:50:00,so2,3.7120750819672126
2019-02-05 22:55:00,so2,3.887532181818182
2019-02-05 23:00:00,so2,4.8556422448979575
2019-02-05 23:05:00,so2,3.734284615384615
2019-02-05 23:10:00,so2,4.805079038461538
2019-02-05 23:15:00,so2,5.491200444444445
2019-02-05 23:20:00,so2,3.516519818181817
2019-02-05 23:25:00,so2,1.0388077551020412
2019-02-05 23:30:00,so2,0.2982944999999999
2019-02-05 23:35:00,so2,0.22786222222222227
2019-02-05 23:40:00,so2,0.23231765957446804
2019-02-05 23:45:00,so2,0.24325177777777768
2019-02-05 23:50:00,so2,0.2973384905660378
2019-02-05 23:55:00,so2,0.33045425531914896
2019-02-06 00:00:00,so2,0.3051909523809524
2019-02-06 00:05:00,so2,0.35669065217391305
2019-02-06 00:10:00,so2,0.3448265853658537
2019-02-06 00:15:00,so2,0.280169375
2019-02-06 00:20:00,so2,0.2649056097560976
2019-02-06 00:25:00,so2,0.32556755555555544
2019-02-06 00:30:00,so2,0.2378532608695652
2019-02-06 00:35:00,so2,0.33168638888888885
2019-02-06 00:40:00,so2,0.3157931111111111
2019-02-06 00:45:00,so2,0.30821375
2019-02-06 00:50:00,so2,0.24089234042553195
2019-02-06 00:55:00,so2,0.31740432432432425
2019-02-06 01:00:00,so2,0.28484650000000006
2019-02-06 01:05:00,so2,0.3720705
2019-02-06 01:10:00,so2,0.3138264
2019-02-06 01:15:00,so2,0.32612976744186045
2019-02-06 01:20:00,so2,0.41746043478260864
2019-02-06 01:25:00,so2,0.44082307692307704
2019-02-06 01:30:00,so2,0.33961019230769224
2019-02-06 01:35:00,so2,0.31837060000000006
2019-02-06 01:40:00,so2,0.2974485714285714
2019-02-06 01:45:00,so2,0.38320756097560976
2019-02-06 01:50:00,so2,0.27935891891891895
2019-02-06 01:55:00,so2,0.38261156249999995
2019-02-06 02:00:00,so2,0.4603796774193548
2019-02-06 02:05:00,so2,0.5426255882352942
2019-02-06 02:10:00,so2,0.43746972972972975
2019-02-06 02:15:00,so2,0.5121181578947368
2019-02-06 02:20:00,so2,0.4498978723404255
2019-02-06 02:25:00,so2,0.46734775510204085
2019-02-06 02:30:00,so2,0.6322332352941177
2019-02-06 02:35:00,so2,0.46961978260869564
2019-02-06 02:40:00,so2,0.42741368421052633
2019-02-06 02:45:00,so2,0.4106575
2019-02-06 02:50:00,so2,0.5995261111111111
2019-02-06 02:55:00,so2,0.5496658974358974
2019-02-06 03:00:00,so2,0.5410978571428571
2019-02-06 03:05:00,so2,0.46962780487804867
2019-02-06 03:10:00,so2,1.0697396774193548
2019-02-06 03:15:00,so2,3.646601636363635
2019-02-06 03:20:00,so2,3.0679528260869566
2019-02-06 03:25:00,so2,1.5875020000000006
2019-02-06 03:30:00,so2,1.6978722448979593
2019-02-06 03:35:00,so2,2.7696468292682925
2019-02-06 03:40:00,so2,2.84741525
2019-02-06 03:45:00,so2,2.2831843902439024
2019-02-06 03:50:00,so2,2.656802972972973
2019-02-06 03:55:00,so2,1.897015714285714
2019-02-06 04:00:00,so2,1.002648292682927
2019-02-06 04:05:00,so2,0.8516819999999998
2019-02-06 04:10:00,so2,1.3826507894736841
2019-02-06 04:15:00,so2,1.2830879545454548
2019-02-06 04:20:00,so2,1.3176254285714286
2019-02-06 04:25:00,so2,1.1312555
2019-02-06 04:30:00,so2,0.9028861224489793
2019-02-06 04:35:00,so2,1.065442888888889
2019-02-06 04:40:00,so2,1.1310227272727271
2019-02-06 04:45:00,so2,0.478602972972973
2019-02-06 04:50:00,so2,0.6284944444444446
2019-02-06 04:55:00,so2,0.6037128571428569
2019-02-06 05:00:00,so2,0.6885905882352943
2019-02-06 05:05:00,so2,0.697318484848485
2019-02-06 05:10:00,so2,1.0913395238095238
2019-02-06 05:15:00,so2,0.87602375
2019-02-06 05:20:00,so2,0.9629379166666668
2019-02-06 05:25:00,so2,0.6848145161290324
2019-02-06 05:30:00,so2,0.663989069767442
2019-02-06 05:35:00,so2,0.969835
2019-02-06 05:40:00,so2,1.238632142857143
2019-02-06 05:45:00,so2,1.5298970270270267
2019-02-06 05:50:00,so2,1.5119775
2019-02-06 05:55:00,so2,1.3885786363636365
2019-02-06 06:00:00,so2,0.7281026086956521
2019-02-06 06:05:00,so2,0.5601857142857144
2019-02-06 06:10:00,so2,0.92125725
2019-02-06 06:15:00,so2,1.4333884615384618
2019-02-06 06:20:00,so2,1.0728305714285715
2019-02-06 06:25:00,so2,0.9324457777777777
2019-02-06 06:30:00,so2,0.7527943750000001
2019-02-06 06:35:00,so2,1.374548484848485
2019-02-06 06:40:00,so2,0.9786942424242425
2019-02-06 06:45:00,so2,1.1659745833333333
2019-02-06 06:50:00,so2,1.0531186486486488
2019-02-06 06:55:00,so2,0.9020373529411763
2019-02-06 07:00:00,so2,0.9690000000000001
2019-02-06 07:05:00,so2,0.8681789655172414
2019-02-06 07:10:00,so2,1.0207392
2019-02-06 07:15:00,so2,0.8655414705882352
2019-02-06 07:20:00,so2,1.0373903703703704
2019-02-06 07:25:00,so2,1.7813018604651163
2019-02-06 07:30:00,so2,1.5399936842105264
2019-02-06 07:35:00,so2,0.7873651351351352
2019-02-06 07:40:00,so2,1.0245879069767443
2019-02-06 07:45:00,so2,1.5724632500000002
2019-02-06 07:50:00,so2,2.7965302702702712
2019-02-06 07:55:00,so2,2.7777042105263154
2019-02-06 08:00:00,so2,2.7771657499999995
2019-02-06 08:05:00,so2,3.616599361702128
2019-02-06 08:10:00,so2,3.8378777500000014
2019-02-06 08:15:00,so2,4.711884722222223
2019-02-06 08:20:00,so2,4.6658605263157895
2019-02-06 08:25:00,so2,4.118979767441861
2019-02-06 08:30:00,so2,4.639017105263157
2019-02-06 08:35:00,so2,5.255292631578947
2019-02-06 08:40:00,so2,4.664132195121951
2019-02-06 08:45:00,so2,5.102254871794872
2019-02-06 08:50:00,so2,3.83643761904762
2019-02-06 08:55:00,so2,3.402692045454545
2019-02-06 09:00:00,so2,3.560879772727274
2019-02-06 09:05:00,so2,2.8996523809523804
2019-02-06 09:10:00,so2,2.8385913888888883
2019-02-06 09:15:00,so2,2.0938197777777776
2019-02-06 09:20:00,so2,5.161413636363635
2019-02-06 09:25:00,so2,3.5086176190476186
2019-02-06 09:30:00,so2,3.7828935897435905
2019-02-06 09:35:00,so2,3.1706230232558137
2019-02-06 09:40:00,so2,2.8117186842105264
2019-02-06 09:45:00,so2,2.194667
2019-02-06 09:50:00,so2,2.0289941176470583
2019-02-06 09:55:00,so2,2.53701275
2019-02-06 10:00:00,so2,2.2368224999999997
2019-02-06 10:05:00,so2,1.503813170731707
2019-02-06 10:10:00,so2,1.0880687804878049
2019-02-06 10:15:00,so2,1.4422370270270268
2019-02-06 10:20:00,so2,1.4050473809523807
2019-02-06 10:25:00,so2,1.1761244117647058
2019-02-06 10:30:00,so2,0.9276687179487183
2019-02-06 10:35:00,so2,1.287509230769231
2019-02-06 10:40:00,so2,1.1229672727272726
2019-02-06 10:45:00,so2,0.8083299999999999
2019-02-06 10:50:00,so2,0.9206361538461538
2019-02-06 10:55:00,so2,0.8485457142857145
2019-02-06 11:00:00,so2,0.8109937931034482
2019-02-06 11:05:00,so2,0.8361666666666666
2019-02-06 11:10:00,so2,1.565105294117647
2019-02-06 11:15:00,so2,1.1325236363636366
2019-02-06 11:20:00,so2,0.7270103703703703
2019-02-06 11:25:00,so2,1.0630786956521738
2019-02-06 11:30:00,so2,0.9434629629629631
2019-02-06 11:35:00,so2,0.8522939393939395
2019-02-06 11:40:00,so2,1.1255237500000004
2019-02-06 11:45:00,so2,0.8539813793103448
2019-02-06 11:50:00,so2,0.7984412903225809
2019-02-06 11:55:00,so2,0.9461384615384616
2019-02-06 12:00:00,so2,0.9979957692307692
2019-02-06 12:05:00,so2,1.17793625
2019-02-06 12:10:00,so2,0.842433
2019-02-06 12:15:00,so2,1.5041511764705884
2019-02-06 12:20:00,so2,1.8406837499999997
2019-02-06 12:25:00,so2,1.0969430434782608
2019-02-06 12:30:00,so2,1.342928125
2019-02-06 12:35:00,so2,1.2869826315789474
2019-02-06 12:40:00,so2,1.0134263157894734
2019-02-06 12:45:00,so2,0.9926207142857146
2019-02-06 12:50:00,so2,0.8196134999999998
2019-02-06 12:55:00,so2,0.9184129411764707
2019-02-06 13:00:00,so2,0.67594
2019-02-06 13:05:00,so2,0.7685377272727273
2019-02-06 13:10:00,so2,0.5763976923076923
2019-02-06 13:15:00,so2,0.69532
2019-02-06 13:20:00,so2,1.9437452941176474
2019-02-06 13:25:00,so2,2.7668848484848483
2019-02-06 13:30:00,so2,2.53510625
2019-02-06 13:35:00,so2,2.771970689655173
2019-02-06 13:40:00,so2,2.053922571428571
2019-02-06 13:45:00,so2,2.2646112499999993
2019-02-06 13:50:00,so2,1.2343174074074075
2019-02-06 13:55:00,so2,1.1131136363636365
2019-02-06 14:00:00,so2,1.2490026470588238
2019-02-06 14:05:00,so2,1.489929268292683
2019-02-06 14:10:00,so2,1.9277349999999998
2019-02-06 14:15:00,so2,1.7938165116279072
2019-02-06 14:20:00,so2,1.6655807692307694
2019-02-06 14:25:00,so2,2.0009575
2019-02-06 14:30:00,so2,2.2871940540540545
2019-02-06 14:35:00,so2,2.422263720930232
2019-02-06 14:40:00,so2,2.625411388888889
2019-02-06 14:45:00,so2,2.4803857446808513
2019-02-06 14:50:00,so2,3.2406791666666663
2019-02-06 14:55:00,so2,3.1911861538461537
2019-02-06 15:00:00,so2,3.672093142857142
2019-02-06 15:05:00,so2,4.565919411764704
2019-02-06 15:10:00,so2,4.055561176470588
2019-02-06 15:15:00,so2,4.160947142857143
2019-02-06 15:20:00,so2,3.7238413157894734
2019-02-06 15:25:00,so2,3.4881065217391303
2019-02-06 15:30:00,so2,3.3350590697674414
2019-02-06 15:35:00,so2,4.430576571428571
2019-02-06 15:40:00,so2,3.07153568627451
2019-02-06 15:45:00,so2,4.71985358974359
2019-02-06 15:50:00,so2,4.523825531914894
2019-02-06 15:55:00,so2,5.908008974358974
2019-02-06 16:00:00,so2,5.525058918918918
2019-02-06 16:05:00,so2,5.051876666666667
2019-02-06 16:10:00,so2,4.771069999999999
2019-02-06 16:15:00,so2,4.58567450980392
2019-02-06 16:20:00,so2,6.1616510810810805
2019-02-06 16:25:00,so2,5.654339523809523
2019-02-06 16:30:00,so2,4.628167222222224
2019-02-06 16:35:00,so2,0.29175026315789465
2019-02-06 16:40:00,so2,0.33092447368421046
2019-02-06 16:45:00,so2,0.4692321875
2019-02-06 16:50:00,so2,0.3272685714285714
2019-02-06 16:55:00,so2,0.5412344444444442
2019-02-06 17:00:00,so2,0.5231190909090909
2019-02-06 17:05:00,so2,0.5802725641025643
2019-02-06 17:10:00,so2,0.49963037037037034
2019-02-06 17:15:00,so2,0.569305
2019-02-06 17:20:00,so2,0.46503428571428557
2019-02-06 17:25:00,so2,0.48299608695652174
2019-02-06 17:30:00,so2,0.4418868750000001
2019-02-06 17:35:00,so2,0.38428156249999995
2019-02-06 17:40:00,so2,0.31782962962962963
2019-02-06 17:45:00,so2,0.5043548484848484
2019-02-06 17:50:00,so2,0.63877875
2019-02-06 17:55:00,so2,0.5605648387096774
2019-02-06 18:00:00,so2,0.5558212500000002
2019-02-06 18:05:00,so2,0.6757647619047619
2019-02-06 18:10:00,so2,0.5565354838709679
2019-02-06 18:15:00,so2,0.5001951612903226
2019-02-06 18:20:00,so2,0.5982703846153847
2019-02-06 18:25:00,so2,0.4046012121212121
2019-02-06 18:30:00,so2,0.3441526666666668
2019-02-06 18:35:00,so2,0.24136343749999997
2019-02-06 18:40:00,so2,0.3406860606060605
2019-02-06 18:45:00,so2,0.36277562500000005
2019-02-06 18:50:00,so2,0.33006161290322583
2019-02-06 18:55:00,so2,0.30935147058823526
2019-02-06 19:00:00,so2,0.24617281250000006
2019-02-06 19:05:00,so2,0.4849248148148148
2019-02-06 19:10:00,so2,0.33947705882352935
2019-02-06 19:15:00,so2,0.39782138888888885
2019-02-06 19:20:00,so2,0.31949399999999994
2019-02-06 19:25:00,so2,0.3779154285714285
2019-02-06 19:30:00,so2,0.5216547222222222
2019-02-06 19:35:00,so2,0.5278173333333335
2019-02-06 19:40:00,so2,0.6523416666666666
2019-02-06 19:45:00,so2,0.8465568965517241
2019-02-06 19:50:00,so2,0.7556746153846152
2019-02-06 19:55:00,so2,0.771078620689655
2019-02-06 20:00:00,so2,0.813969
2019-02-06 20:05:00,so2,1.1064047619047621
2019-02-06 20:10:00,so2,0.9075314285714287
2019-02-06 20:15:00,so2,0.8752949999999998
2019-02-06 20:20:00,so2,0.672998
2019-02-06 20:25:00,so2,0.6077880000000001
2019-02-06 20:30:00,so2,0.7858705714285715
2019-02-06 20:35:00,so2,0.7734975862068968
2019-02-06 20:40:00,so2,5.204823513513513
2019-02-06 20:45:00,so2,6.4604316216216215
2019-02-06 20:50:00,so2,5.226982826086956
2019-02-06 20:55:00,so2,6.3831461538461545
2019-02-06 21:00:00,so2,5.92240205882353
2019-02-06 21:05:00,so2,4.57255780487805
2019-02-06 21:10:00,so2,4.837675581395348
2019-02-06 21:15:00,so2,4.715489215686274
2019-02-06 21:20:00,so2,5.376273249999999
2019-02-06 21:25:00,so2,5.919441250000001
2019-02-06 21:30:00,so2,4.818727727272729
2019-02-06 21:35:00,so2,5.747551951219511
2019-02-06 21:40:00,so2,5.338808
2019-02-06 21:45:00,so2,4.033820172413794
2019-02-06 21:50:00,so2,4.11238
2019-02-06 21:55:00,so2,4.102497619047618
2019-02-06 22:00:00,so2,4.479040000000002
2019-02-06 22:05:00,so2,4.1455874999999995
2019-02-06 22:10:00,so2,4.5111895238095245
2019-02-06 22:15:00,so2,5.24683696969697
2019-02-06 22:20:00,so2,3.808062978723404
2019-02-06 22:25:00,so2,3.7320024444444453
2019-02-06 22:30:00,so2,3.522501132075472
2019-02-06 22:35:00,so2,3.8958621739130432
2019-02-06 22:40:00,so2,3.372646603773585
2019-02-06 22:45:00,so2,3.224615813953488
2019-02-06 22:50:00,so2,2.717960666666666
2019-02-06 22:55:00,so2,2.411061489361702
2019-02-06 23:00:00,so2,2.271155
2019-02-06 23:05:00,so2,1.8285239024390245
2019-02-06 23:10:00,so2,1.7072609090909083
2019-02-06 23:15:00,so2,1.596184782608695
2019-02-06 23:20:00,so2,1.5504544444444446
2019-02-06 23:25:00,so2,1.6030038636363642
2019-02-06 23:30:00,so2,1.62255625
2019-02-06 23:35:00,so2,1.744883255813953
2019-02-06 23:40:00,so2,3.20465195652174
2019-02-06 23:45:00,so2,4.8477613888888875
2019-02-06 23:50:00,so2,4.554197714285714
2019-02-06 23:55:00,so2,2.546812909090909
2019-02-07 00:00:00,so2,1.8892054000000003
2019-02-07 00:05:00,so2,2.1526647727272734
2019-02-07 00:10:00,so2,3.2112556818181814
2019-02-07 00:15:00,so2,4.783670217391305
2019-02-07 00:20:00,so2,4.210748269230769
2019-02-07 00:25:00,so2,4.835225238095238
2019-02-07 00:30:00,so2,4.767004146341462
2019-02-07 00:35:00,so2,5.275989534883721
2019-02-07 00:40:00,so2,4.616737317073171
2019-02-07 00:45:00,so2,4.728673333333332
2019-02-07 00:50:00,so2,4.816682432432432
2019-02-07 00:55:00,so2,4.30150923076923
2019-02-07 01:00:00,so2,3.600102173913043
2019-02-07 01:05:00,so2,3.47206804347826
2019-02-07 01:10:00,so2,3.343444761904761
2019-02-07 01:15:00,so2,2.4462472
2019-02-07 01:20:00,so2,2.2416951851851854
2019-02-07 01:25:00,so2,2.5068962500000005
2019-02-07 01:30:00,so2,2.996398125000001
2019-02-07 01:35:00,so2,2.687341395348837
2019-02-07 01:40:00,so2,1.9157384615384612
2019-02-07 01:45:00,so2,2.733180571428572
2019-02-07 01:50:00,so2,1.915871276595745
2019-02-07 01:55:00,so2,2.1033743181818183
2019-02-07 02:00:00,so2,2.430939772727272
2019-02-07 02:05:00,so2,2.73696488372093
2019-02-07 02:10:00,so2,2.3653724444444437
2019-02-07 02:15:00,so2,0.6339289189189188
2019-02-07 02:20:00,so2,0.6890510714285715
2019-02-07 02:25:00,so2,0.5183822222222223
2019-02-07 02:30:00,so2,0.5747306060606062
2019-02-07 02:35:00,so2,0.76382
2019-02-07 02:40:00,so2,0.6219560606060607
2019-02-07 02:45:00,so2,0.6457772727272728
2019-02-07 02:50:00,so2,0.7234314814814815
2019-02-07 02:55:00,so2,0.5342813333333335
2019-02-07 03:00:00,so2,0.6056041935483872
2019-02-07 03:05:00,so2,0.653504347826087
2019-02-07 03:10:00,so2,0.46870468749999994
2019-02-07 03:15:00,so2,0.5243962068965518
2019-02-07 03:20:00,so2,0.72019
2019-02-07 03:25:00,so2,0.540091724137931
2019-02-07 03:30:00,so2,0.5427896969696969
2019-02-07 03:35:00,so2,0.6663096000000002
2019-02-07 03:40:00,so2,0.6280666666666666
2019-02-07 03:45:00,so2,0.6470362962962964
2019-02-07 03:50:00,so2,0.6274375
2019-02-07 03:55:00,so2,0.5832966666666668
2019-02-07 04:00:00,so2,0.6527133333333334
2019-02-07 04:05:00,so2,0.6942857575757576
2019-02-07 04:10:00,so2,0.9269116666666665
2019-02-07 04:15:00,so2,0.7963762499999998
2019-02-07 04:20:00,so2,0.9708321739130436
2019-02-07 04:25:00,so2,0.8961016666666669
2019-02-07 04:30:00,so2,0.8321977272727273
2019-02-07 04:35:00,so2,0.7345507142857143
2019-02-07 04:40:00,so2,0.8663284615384614
2019-02-07 04:45:00,so2,0.921393076923077
2019-02-07 04:50:00,so2,0.9219214814814817
2019-02-07 04:55:00,so2,1.0810051612903226
2019-02-07 05:00:00,so2,1.2272507142857145
2019-02-07 05:05:00,so2,1.119549333333333
2019-02-07 05:10:00,so2,1.8295414999999995
2019-02-07 05:15:00,so2,1.5285368
2019-02-07 05:20:00,so2,1.102835
2019-02-07 05:25:00,so2,1.0776465625
2019-02-07 05:30:00,so2,0.9559848387096774
2019-02-07 05:35:00,so2,1.209598260869565
2019-02-07 05:40:00,so2,0.789574864864865
2019-02-07 05:45:00,so2,1.0754137037037037
2019-02-07 05:50:00,so2,1.2018315789473686
2019-02-07 05:55:00,so2,0.8586570270270268
2019-02-07 06:00:00,so2,1.0540637037037037
2019-02-07 06:05:00,so2,0.9437755555555556
2019-02-07 06:10:00,so2,1.1217243999999997
2019-02-07 06:15:00,so2,1.23077
2019-02-07 06:20:00,so2,1.0713240000000002
2019-02-07 06:25:00,so2,0.9096175000000001
2019-02-07 06:30:00,so2,0.8602151612903227
2019-02-07 06:35:00,so2,1.1289636842105266
2019-02-07 06:40:00,so2,1.1016456666666667
2019-02-07 06:45:00,so2,1.0763887096774194
2019-02-07 06:50:00,so2,0.9746400000000002
2019-02-07 06:55:00,so2,0.9447389999999999
2019-02-07 07:00:00,so2,1.0526709677419352
2019-02-07 07:05:00,so2,1.307439
2019-02-07 07:10:00,so2,1.0302303703703706
2019-02-07 07:15:00,so2,0.9971256666666665
2019-02-07 07:20:00,so2,1.331534761904762
2019-02-07 07:25:00,so2,0.999368787878788
2019-02-07 07:30:00,so2,1.1334217857142856
2019-02-07 07:35:00,so2,1.0469093333333332
2019-02-07 07:40:00,so2,1.3900290909090907
2019-02-07 07:45:00,so2,1.2023203571428567
2019-02-07 07:50:00,so2,1.3829891666666667
2019-02-07 07:55:00,so2,1.6552223529411763
2019-02-07 08:00:00,so2,1.111865
2019-02-07 08:05:00,so2,1.21733875
2019-02-07 08:10:00,so2,1.0367863333333331
2019-02-07 08:15:00,so2,1.432911052631579
2019-02-07 08:20:00,so2,1.2071999999999998
2019-02-07 08:25:00,so2,1.0300085714285714
2019-02-07 08:30:00,so2,1.0643555555555555
2019-02-07 08:35:00,so2,0.9493710344827582
2019-02-07 08:40:00,so2,1.2675456
2019-02-07 08:45:00,so2,1.0367936666666664
2019-02-07 08:50:00,so2,0.8140900000000001
2019-02-07 08:55:00,so2,1.0598766666666666
2019-02-07 09:00:00,so2,0.8773051612903224
2019-02-07 09:05:00,so2,0.9768372727272726
2019-02-07 09:10:00,so2,0.9294696296296299
2019-02-07 09:15:00,so2,1.0505492857142857
2019-02-07 09:20:00,so2,0.8159535294117648
2019-02-07 09:25:00,so2,0.8467621212121212
2019-02-07 09:30:00,so2,0.809178620689655
2019-02-07 09:35:00,so2,0.8463796296296299
2019-02-07 09:40:00,so2,1.101397391304348
2019-02-07 09:45:00,so2,1.1282318181818183
2019-02-07 09:50:00,so2,0.9600955555555554
2019-02-07 09:55:00,so2,1.0275946153846152
2019-02-07 10:00:00,so2,0.9695924999999999
2019-02-07 10:05:00,so2,0.8394296153846155
2019-02-07 10:10:00,so2,0.7393375000000002
2019-02-07 10:15:00,so2,0.933923548387097
2019-02-07 10:20:00,so2,0.883537857142857
2019-02-07 10:25:00,so2,1.1463696
2019-02-07 10:30:00,so2,1.0418724
2019-02-07 10:35:00,so2,1.1024934615384614
2019-02-07 10:40:00,so2,0.947280294117647
2019-02-07 10:45:00,so2,1.522097826086956
2019-02-07 10:50:00,so2,0.9385617857142857
2019-02-07 10:55:00,so2,1.295868064516129
2019-02-07 11:00:00,so2,1.9231065217391303
2019-02-07 11:05:00,so2,1.9345390476190474
2019-02-07 11:10:00,so2,1.2449148571428568
2019-02-07 11:15:00,so2,1.4575696666666667
2019-02-07 11:20:00,so2,2.0270945
2019-02-07 11:25:00,so2,1.8351928000000006
2019-02-07 11:30:00,so2,1.5613465624999998
2019-02-07 11:35:00,so2,1.7565068000000001
2019-02-07 11:40:00,so2,1.859926896551724
2019-02-07 11:45:00,so2,2.5282671428571426
2019-02-07 11:50:00,so2,2.327693333333333
2019-02-07 11:55:00,so2,2.3310508333333333
2019-02-07 12:00:00,so2,1.8455654838709674
2019-02-07 12:05:00,so2,1.6592565625
2019-02-07 12:10:00,so2,2.0432919230769233
2019-02-07 12:15:00,so2,2.443078571428571
2019-02-07 12:20:00,so2,1.7241046153846158
2019-02-07 12:25:00,so2,1.8343507999999997
2019-02-07 12:30:00,so2,1.353823125
2019-02-07 12:35:00,so2,1.5642065217391306
2019-02-07 12:40:00,so2,1.518541034482759
2019-02-07 12:45:00,so2,2.6780156249999996
2019-02-07 12:50:00,so2,1.5905788461538461
2019-02-07 12:55:00,so2,1.8575952173913037
2019-02-07 13:00:00,so2,1.864777619047619
2019-02-07 13:05:00,so2,1.272114827586207
2019-02-07 13:10:00,so2,1.7469328571428573
2019-02-07 13:15:00,so2,1.5654125
2019-02-07 13:20:00,so2,1.604556
2019-02-07 13:25:00,so2,1.6102465217391302
2019-02-07 13:30:00,so2,1.7709755555555555
2019-02-07 13:35:00,so2,3.1604667857142847
2019-02-07 13:40:00,so2,4.118293846153847
2019-02-07 13:45:00,so2,3.6919515625
2019-02-07 13:50:00,so2,3.2765161111111105
2019-02-07 13:55:00,so2,4.16430818181818
2019-02-07 14:00:00,so2,4.5652323333333324
2019-02-07 14:05:00,so2,4.303737
2019-02-07 14:10:00,so2,5.38706
2019-02-07 14:15:00,so2,6.933294137931034
2019-02-07 14:20:00,so2,5.289010285714286
2019-02-07 14:25:00,so2,5.820901935483871
2019-02-07 14:30:00,so2,5.990335000000001
2019-02-07 14:35:00,so2,6.63427722222222
2019-02-07 14:40:00,so2,6.909454444444446
2019-02-07 14:45:00,so2,6.300313823529412
2019-02-07 14:50:00,so2,7.8964574999999995
2019-02-07 14:55:00,so2,7.150918000000001
2019-02-07 15:00:00,so2,9.145890000000003
2019-02-07 15:05:00,so2,5.046817777777779
2019-02-07 15:10:00,so2,4.189634
2019-02-07 15:15:00,so2,5.520925
2019-02-07 15:20:00,so2,5.109853333333335
2019-02-07 15:25:00,so2,5.655989736842105
2019-02-07 15:30:00,so2,6.779627352941177
2019-02-07 15:35:00,so2,7.815842666666667
2019-02-07 15:40:00,so2,5.98325
2019-02-07 15:45:00,so2,6.878908888888889
2019-02-07 15:50:00,so2,6.316976363636362
2019-02-07 15:55:00,so2,7.176403513513513
2019-02-07 16:00:00,so2,7.257718787878787
2019-02-07 16:05:00,so2,6.483683250000001
2019-02-07 16:10:00,so2,4.530608125000001
2019-02-07 16:15:00,so2,5.558658648648648
2019-02-07 16:20:00,so2,6.37498515151515
2019-02-07 16:25:00,so2,7.136984242424243
2019-02-07 16:30:00,so2,4.884243333333332
2019-02-07 16:35:00,so2,5.266939999999998
2019-02-07 16:40:00,so2,6.701947714285714
2019-02-07 16:45:00,so2,7.257477941176472
2019-02-07 16:50:00,so2,6.96758888888889
2019-02-07 16:55:00,so2,6.292507352941176
2019-02-07 17:00:00,so2,5.4352496666666665
2019-02-07 17:05:00,so2,1.4196234782608699
2019-02-07 17:10:00,so2,1.5839361904761904
2019-02-07 17:15:00,so2,1.764896842105263
2019-02-07 17:20:00,so2,1.197351818181818
2019-02-07 17:25:00,so2,2.0539328571428572
2019-02-07 17:30:00,so2,1.535760333333333
2019-02-07 17:35:00,so2,2.19749
2019-02-07 17:40:00,so2,4.833619999999999
2019-02-07 17:45:00,so2,4.406010256410255
2019-02-07 17:50:00,so2,4.073708292682928
2019-02-07 17:55:00,so2,2.97427261904762
2019-02-07 18:00:00,so2,1.9399466666666665
2019-02-07 18:05:00,so2,1.407291621621622
2019-02-07 18:10:00,so2,1.7345521428571424
2019-02-07 18:15:00,so2,3.254033235294118
2019-02-07 18:20:00,so2,2.60546696969697
2019-02-07 18:25:00,so2,3.3735370833333334
2019-02-07 18:30:00,so2,3.557708518518519
2019-02-07 18:35:00,so2,2.871400454545455
2019-02-07 18:40:00,so2,1.5610225714285715
2019-02-07 18:45:00,so2,1.7365831999999997
2019-02-07 18:50:00,so2,1.025473448275862
2019-02-07 18:55:00,so2,1.2640122727272727
2019-02-07 19:00:00,so2,1.3706319354838712
2019-02-07 19:05:00,so2,1.1208596774193547
2019-02-07 19:10:00,so2,2.5533819047619044
2019-02-07 19:15:00,so2,1.1113130434782612
2019-02-07 19:20:00,so2,1.2289314893617018
2019-02-07 19:25:00,so2,2.5370694736842103
2019-02-07 19:30:00,so2,3.513000238095238
2019-02-07 19:35:00,so2,3.949777619047619
2019-02-07 19:40:00,so2,3.145863863636364
2019-02-07 19:45:00,so2,2.3915199999999994
2019-02-07 19:50:00,so2,2.9783923529411758
2019-02-07 19:55:00,so2,4.077387441860464
2019-02-07 20:00:00,so2,4.058303999999999
2019-02-07 20:05:00,so2,4.1620043181818165
2019-02-07 20:10:00,so2,4.338234166666667
2019-02-07 20:15:00,so2,2.976252407407407
2019-02-07 20:20:00,so2,4.027397450980392
2019-02-07 20:25:00,so2,3.903187192982455
2019-02-07 20:30:00,so2,5.189819487179489
2019-02-07 20:35:00,so2,3.8933966666666664
2019-02-07 20:40:00,so2,4.085758260869565
2019-02-07 20:45:00,so2,4.166519166666668
2019-02-07 20:50:00,so2,4.2254894736842115
2019-02-07 20:55:00,so2,4.333689245283018
2019-02-07 21:00:00,so2,5.58610525
2019-02-07 21:05:00,so2,4.1175536842105265
2019-02-07 21:10:00,so2,4.580742
2019-02-07 21:15:00,so2,4.051616610169491
2019-02-07 21:20:00,so2,5.47942170212766
2019-02-07 21:25:00,so2,5.303659166666666
2019-02-07 21:30:00,so2,4.637828269230768
2019-02-07 21:35:00,so2,0.5416574418604649
2019-02-07 21:40:00,so2,0.6031234210526315
2019-02-07 21:45:00,so2,2.474896153846154
2019-02-07 21:50:00,so2,3.703864423076923
2019-02-07 21:55:00,so2,2.7895241666666664
2019-02-07 22:00:00,so2,2.096221458333333
2019-02-07 22:05:00,so2,1.072966721311475
2019-02-07 22:10:00,so2,1.4032124999999995
2019-02-07 22:15:00,so2,0.6856143396226416
2019-02-07 22:20:00,so2,0.5649880000000002
2019-02-07 22:25:00,so2,0.592023888888889
2019-02-07 22:30:00,so2,0.547318717948718
2019-02-07 22:35:00,so2,0.44070125000000004
2019-02-07 22:40:00,so2,0.46050250000000004
2019-02-07 22:45:00,so2,0.45949424999999994
2019-02-07 22:50:00,so2,0.4889895121951218
2019-02-07 22:55:00,so2,0.6505729411764706
2019-02-07 23:00:00,so2,0.5251651428571428
2019-02-07 23:05:00,so2,0.482542142857143
2019-02-07 23:10:00,so2,0.5110142857142856
2019-02-07 23:15:00,so2,0.4772013333333333
2019-02-07 23:20:00,so2,0.5032031428571428
2019-02-07 23:25:00,so2,0.5417004878048781
2019-02-07 23:30:00,so2,0.43469725
2019-02-07 23:35:00,so2,0.4218537499999999
2019-02-07 23:40:00,so2,0.42161428571428566
2019-02-07 23:45:00,so2,0.34768617647058814
2019-02-07 23:50:00,so2,0.31961694444444455
2019-02-07 23:55:00,so2,0.327181052631579
2019-02-08 00:00:00,so2,0.3911080952380953
2019-02-08 00:05:00,so2,0.5587386274509805
2019-02-08 00:10:00,so2,0.432352
2019-02-08 00:15:00,so2,0.3939920454545456
2019-02-08 00:20:00,so2,0.3218481081081082
2019-02-08 00:25:00,so2,0.26329022222222226
2019-02-08 00:30:00,so2,0.3394692105263157
2019-02-08 00:35:00,so2,0.4096668292682927
2019-02-08 00:40:00,so2,0.2824097959183674
2019-02-08 00:45:00,so2,0.3087945833333334
2019-02-08 00:50:00,so2,0.39821378378378375
2019-02-08 00:55:00,so2,0.4088199999999999
2019-02-08 01:00:00,so2,0.26570170731707315
2019-02-08 01:05:00,so2,0.28567608695652175
2019-02-08 01:10:00,so2,0.27444690476190486
2019-02-08 01:15:00,so2,0.3435357446808511
2019-02-08 01:20:00,so2,0.23798999999999992
2019-02-08 01:25:00,so2,0.25796025
2019-02-08 01:30:00,so2,0.3529323255813954
2019-02-08 01:35:00,so2,0.30490395833333334
2019-02-08 01:40:00,so2,0.7409045
2019-02-08 01:45:00,so2,5.004403750000001
2019-02-08 01:50:00,so2,3.9532866101694917
2019-02-08 01:55:00,so2,3.9982552830188682
2019-02-08 02:00:00,so2,4.392887999999999
2019-02-08 02:05:00,so2,3.6451692727272715
2019-02-08 02:10:00,so2,3.9162972222222208
2019-02-08 02:15:00,so2,4.311801136363638
2019-02-08 02:20:00,so2,4.465754666666668
2019-02-08 02:25:00,so2,3.4696329310344822
2019-02-08 02:30:00,so2,3.035504259259258
2019-02-08 02:35:00,so2,4.28472534883721
2019-02-08 02:40:00,so2,3.083653870967743
2019-02-08 02:45:00,so2,3.4594133333333352
2019-02-08 02:50:00,so2,3.343269183673469
2019-02-08 02:55:00,so2,3.216812264150943
2019-02-08 03:00:00,so2,2.49562892857143
2019-02-08 03:05:00,so2,3.229772500000001
2019-02-08 03:10:00,so2,2.28228186440678
2019-02-08 03:15:00,so2,3.88313947368421
2019-02-08 03:20:00,so2,5.345972985074627
2019-02-08 03:25:00,so2,5.851773666666667
2019-02-08 03:30:00,so2,5.1725298484848485
2019-02-08 03:35:00,so2,5.363243157894738
2019-02-08 03:40:00,so2,4.511419589041097
2019-02-08 03:45:00,so2,4.820609577464789
2019-02-08 03:50:00,so2,5.141818923076922
2019-02-08 03:55:00,so2,4.8985509375
2019-02-08 04:00:00,so2,4.80743986111111
2019-02-08 04:05:00,so2,5.317246393442623
2019-02-08 04:10:00,so2,5.2110626153846145
2019-02-08 04:15:00,so2,5.167340634920632
2019-02-08 04:20:00,so2,5.302914915254237
2019-02-08 04:25:00,so2,5.82519962264151
2019-02-08 04:30:00,so2,4.698467166666666
2019-02-08 04:35:00,so2,4.742908524590164
2019-02-08 04:40:00,so2,4.434834843750003
2019-02-08 04:45:00,so2,4.480358730158731
2019-02-08 04:50:00,so2,4.678228474576272
2019-02-08 04:55:00,so2,3.5190420000000002
2019-02-08 05:00:00,so2,3.710254411764705
2019-02-08 05:05:00,so2,3.811335294117647
2019-02-08 05:10:00,so2,4.057605245901638
2019-02-08 05:15:00,so2,4.0173282539682535
2019-02-08 05:20:00,so2,3.6923191176470582
2019-02-08 05:25:00,so2,3.222764155844157
2019-02-08 05:30:00,so2,3.83909265625
2019-02-08 05:35:00,so2,3.6476354098360657
2019-02-08 05:40:00,so2,3.5403721874999996
2019-02-08 05:45:00,so2,3.55789421875
2019-02-08 05:50:00,so2,3.4046733846153847
2019-02-08 05:55:00,so2,3.366199531249999
2019-02-08 06:00:00,so2,3.3016618461538467
2019-02-08 06:05:00,so2,2.8038431999999993
2019-02-08 06:10:00,so2,2.856629253731343
2019-02-08 06:15:00,so2,3.14380923076923
2019-02-08 06:20:00,so2,3.102840769230769
2019-02-08 06:25:00,so2,2.8308894117647054
2019-02-08 06:30:00,so2,3.113034426229508
2019-02-08 06:35:00,so2,2.82873
2019-02-08 06:40:00,so2,2.294640123456791
2019-02-08 06:45:00,so2,2.9142496774193543
2019-02-08 06:50:00,so2,3.0828041666666675
2019-02-08 06:55:00,so2,2.6672931884057967
2019-02-08 07:00:00,so2,3.0150429999999995
2019-02-08 07:05:00,so2,3.3867510909090908
2019-02-08 07:10:00,so2,3.4725817857142864
2019-02-08 07:15:00,so2,3.143444339622641
2019-02-08 07:20:00,so2,2.6132980555555556
2019-02-08 07:25:00,so2,2.394731791044775
2019-02-08 07:30:00,so2,2.406851549295775
2019-02-08 07:35:00,so2,2.0745064864864866
2019-02-08 07:40:00,so2,2.2627104166666667
2019-02-08 07:45:00,so2,2.403724285714286
2019-02-08 07:50:00,so2,2.5751519672131153
2019-02-08 07:55:00,so2,2.386654307692307
2019-02-08 08:00:00,so2,2.0235437662337663
2019-02-08 08:05:00,so2,2.3018961764705885
2019-02-08 08:10:00,so2,2.4357678688524587
2019-02-08 08:15:00,so2,1.922695949367088
2019-02-08 08:20:00,so2,2.1202822535211268
2019-02-08 08:25:00,so2,2.0750317910447755
2019-02-08 08:30:00,so2,2.3946608333333326
2019-02-08 08:35:00,so2,2.1751040298507474
2019-02-08 08:40:00,so2,2.2504450819672135
2019-02-08 08:45:00,so2,2.111533529411765
2019-02-08 08:50:00,so2,1.9792621126760566
2019-02-08 08:55:00,so2,3.19733024390244
2019-02-08 09:00:00,so2,2.175767096774194
2019-02-08 09:05:00,so2,1.8792514084507042
2019-02-08 09:10:00,so2,2.0127334920634916
2019-02-08 09:15:00,so2,1.9927114062499993
2019-02-08 09:20:00,so2,1.9973906153846153
2019-02-08 09:25:00,so2,2.1811684482758618
2019-02-08 09:30:00,so2,2.029571363636363
2019-02-08 09:35:00,so2,2.007057377049181
2019-02-08 09:40:00,so2,1.9047750724637682
2019-02-08 09:45:00,so2,1.8538045714285716
2019-02-08 09:50:00,so2,1.8725049230769226
2019-02-08 09:55:00,so2,2.2474272727272724
2019-02-08 10:00:00,so2,2.1389825000000005
2019-02-08 10:05:00,so2,1.9543690322580647
2019-02-08 10:10:00,so2,1.828797419354839
2019-02-08 10:15:00,so2,1.7069662121212121
2019-02-08 10:20:00,so2,1.605643333333334
2019-02-08 10:25:00,so2,1.7337747540983612
2019-02-08 10:30:00,so2,1.5547354666666662
2019-02-08 10:35:00,so2,2.0318447457627116
2019-02-08 10:40:00,so2,1.5720266666666662
2019-02-08 10:45:00,so2,1.8105758461538457
2019-02-08 10:50:00,so2,1.5973549333333334
2019-02-08 10:55:00,so2,1.8643882352941177
2019-02-08 11:00:00,so2,1.6812036363636365
2019-02-08 11:05:00,so2,2.229545384615385
2019-02-08 11:10:00,so2,2.044055892857142
2019-02-08 11:15:00,so2,1.7256053968253968
2019-02-08 11:20:00,so2,1.8610812068965519
2019-02-08 11:25:00,so2,1.796055081967213
2019-02-08 11:30:00,so2,1.7460019999999996
2019-02-08 11:35:00,so2,1.8674355357142847
2019-02-08 11:40:00,so2,1.518790294117647
2019-02-08 11:45:00,so2,1.6900004918032792
2019-02-08 11:50:00,so2,2.0266466037735853
2019-02-08 11:55:00,so2,1.8627603278688527
2019-02-08 12:00:00,so2,1.6095979411764707
2019-02-08 12:05:00,so2,1.671825737704918
2019-02-08 12:10:00,so2,1.786850909090909
2019-02-08 12:15:00,so2,1.6706206060606064
2019-02-08 12:20:00,so2,1.4912762686567165
2019-02-08 12:25:00,so2,1.6709485714285714
2019-02-08 12:30:00,so2,1.582719076923077
2019-02-08 12:35:00,so2,1.6001196923076926
2019-02-08 12:40:00,so2,1.4681766153846159
2019-02-08 12:45:00,so2,1.4544625352112681
2019-02-08 12:50:00,so2,1.5189295384615387
2019-02-08 12:55:00,so2,1.6395694545454547
2019-02-08 13:00:00,so2,1.5939998387096777
2019-02-08 13:05:00,so2,1.6665462068965513
2019-02-08 13:10:00,so2,1.8101465384615378
2019-02-08 13:15:00,so2,1.3805841428571428
2019-02-08 13:20:00,so2,1.5453822222222222
2019-02-08 13:25:00,so2,1.3995914285714282
2019-02-08 13:30:00,so2,1.9860237500000002
2019-02-08 13:35:00,so2,1.5631938709677422
2019-02-08 13:40:00,so2,1.3815490909090908
2019-02-08 13:45:00,so2,1.418732153846154
2019-02-08 13:50:00,so2,1.70834629032258
2019-02-08 13:55:00,so2,1.427148169014084
2019-02-08 14:00:00,so2,1.517831803278688
2019-02-08 14:05:00,so2,1.522966481481481
2019-02-08 14:10:00,so2,1.5998094230769233
2019-02-08 14:15:00,so2,1.571114333333333
2019-02-08 14:20:00,so2,1.599088035714286
2019-02-08 14:25:00,so2,1.6732271698113206
2019-02-08 14:30:00,so2,1.4448713793103451
2019-02-08 14:35:00,so2,1.6261986538461541
2019-02-08 14:40:00,so2,1.4260360655737712
2019-02-08 14:45:00,so2,1.5239530357142854
2019-02-08 14:50:00,so2,1.3146408333333333
2019-02-08 14:55:00,so2,1.4064946296296295
2019-02-08 15:00:00,so2,1.5936759183673472
2019-02-08 15:05:00,so2,1.3753711666666661
2019-02-08 15:10:00,so2,1.3601706249999994
2019-02-08 15:15:00,so2,1.5685843999999995
2019-02-08 15:20:00,so2,1.508586296296296
2019-02-08 15:25:00,so2,1.518275283018868
2019-02-08 15:30:00,so2,1.5923058333333335
2019-02-08 15:35:00,so2,1.3622196153846156
2019-02-08 15:40:00,so2,1.521422352941176
2019-02-08 15:45:00,so2,1.3575222222222225
2019-02-08 15:50:00,so2,1.377344642857143
2019-02-08 15:55:00,so2,1.237969
2019-02-08 16:00:00,so2,1.1362529411764704
2019-02-08 16:05:00,so2,1.2754773684210527
2019-02-08 16:10:00,so2,1.100473768115942
2019-02-08 16:15:00,so2,1.1436506250000003
2019-02-08 16:20:00,so2,1.1563859090909097
2019-02-08 16:25:00,so2,1.0676844594594592
2019-02-08 16:30:00,so2,1.3565386538461537
2019-02-08 16:35:00,so2,0.9668261111111109
2019-02-08 16:40:00,so2,1.2858127272727276
2019-02-08 16:45:00,so2,1.0548984126984124
2019-02-08 16:50:00,so2,1.1715911475409835
2019-02-08 16:55:00,so2,1.13273
2019-02-08 17:00:00,so2,1.0986585714285713
2019-02-08 17:05:00,so2,1.0577289393939393
2019-02-08 17:10:00,so2,1.1290600000000002
2019-02-08 17:15:00,so2,1.11128
2019-02-08 17:20:00,so2,1.2291217543859656
2019-02-08 17:25:00,so2,1.1630570909090903
2019-02-08 17:30:00,so2,0.9545739062499999
2019-02-08 17:35:00,so2,1.105484642857143
2019-02-08 17:40:00,so2,1.112592142857143
2019-02-08 17:45:00,so2,0.9227419999999996
2019-02-08 17:50:00,so2,0.9485149999999997
2019-02-08 17:55:00,so2,1.0524343396226412
2019-02-08 18:00:00,so2,0.9852578688524591
2019-02-08 18:05:00,so2,0.9742378333333336
2019-02-08 18:10:00,so2,1.0933366666666664
2019-02-08 18:15:00,so2,0.8230266129032257
2019-02-08 18:20:00,so2,1.0145934693877552
2019-02-08 18:25:00,so2,0.9311093333333335
2019-02-08 18:30:00,so2,1.0918210909090909
2019-02-08 18:35:00,so2,0.9822233333333334
2019-02-08 18:40:00,so2,0.8912304347826087
2019-02-08 18:45:00,so2,0.8862056923076921
2019-02-08 18:50:00,so2,0.9472172580645162
2019-02-08 18:55:00,so2,0.9508605263157892
2019-02-08 19:00:00,so2,0.9628596363636365
2019-02-08 19:05:00,so2,0.9032854237288133
2019-02-08 19:10:00,so2,0.9292981355932203
2019-02-08 19:15:00,so2,0.8594585074626866
2019-02-08 19:20:00,so2,0.9310101562499998
2019-02-08 19:25:00,so2,0.8077360294117648
2019-02-08 19:30:00,so2,0.8699077586206897
2019-02-08 19:35:00,so2,0.9048029999999998
2019-02-08 19:40:00,so2,0.9189672881355936
2019-02-08 19:45:00,so2,0.7594439130434782
2019-02-08 19:50:00,so2,0.7865789830508475
2019-02-08 19:55:00,so2,0.904234193548387
2019-02-08 20:00:00,so2,0.8730683636363636
2019-02-08 20:05:00,so2,0.9426166666666667
2019-02-08 20:10:00,so2,0.7943333333333334
2019-02-08 20:15:00,so2,0.757285
2019-02-08 20:20:00,so2,0.8566335483870968
2019-02-08 20:25:00,so2,0.8435345454545455
2019-02-08 20:30:00,so2,0.7210334782608695
2019-02-08 20:35:00,so2,0.712288484848485
2019-02-08 20:40:00,so2,0.7917586440677966
2019-02-08 20:45:00,so2,0.6938934374999998
2019-02-08 20:50:00,so2,0.7123188405797101
2019-02-08 20:55:00,so2,0.8589208064516132
2019-02-08 21:00:00,so2,0.7421403225806454
2019-02-08 21:05:00,so2,0.8299453846153845
2019-02-08 21:10:00,so2,0.8264886274509803
2019-02-08 21:15:00,so2,0.6783656060606063
2019-02-08 21:20:00,so2,0.7692764516129033
2019-02-08 21:25:00,so2,0.711587142857143
2019-02-08 21:30:00,so2,0.7520139344262294
2019-02-08 21:35:00,so2,0.7593644067796613
2019-02-08 21:40:00,so2,0.7890256603773583
2019-02-08 21:45:00,so2,0.7523230909090907
2019-02-08 21:50:00,so2,0.7658862903225808
2019-02-08 21:55:00,so2,0.6664066666666664
2019-02-08 22:00:00,so2,0.7670420000000001
2019-02-08 22:05:00,so2,0.6929820588235294
2019-02-08 22:10:00,so2,0.7036110169491524
2019-02-08 22:15:00,so2,0.7206633928571426
2019-02-08 22:20:00,so2,0.6604691428571426
2019-02-08 22:25:00,so2,0.9575985000000001
2019-02-08 22:30:00,so2,0.7745738181818181
2019-02-08 22:35:00,so2,0.8378253333333332
2019-02-08 22:40:00,so2,0.8890174418604648
2019-02-08 22:45:00,so2,0.7082521153846154
2019-02-08 22:50:00,so2,0.8700463043478257
2019-02-08 22:55:00,so2,0.762391923076923
2019-02-08 23:00:00,so2,0.6489041666666667
2019-02-08 23:05:00,so2,0.6751078260869565
2019-02-08 23:10:00,so2,0.6320364814814816
2019-02-08 23:15:00,so2,0.6601427118644069
2019-02-08 23:20:00,so2,0.6025101694915254
2019-02-08 23:25:00,so2,0.6551055357142855
2019-02-08 23:30:00,so2,0.6182554237288133
2019-02-08 23:35:00,so2,0.6930343749999998
2019-02-08 23:40:00,so2,0.6399044444444444
2019-02-08 23:45:00,so2,0.6607872413793103
2019-02-08 23:50:00,so2,0.6385250769230769
2019-02-08 23:55:00,so2,0.6307454545454545
2019-02-09 00:00:00,so2,0.6960005263157895
2019-02-09 00:05:00,so2,0.6773803125
2019-02-09 00:10:00,so2,0.6418205882352941
2019-02-09 00:15:00,so2,0.6674381818181819
2019-02-09 00:20:00,so2,0.6517661194029848
2019-02-09 00:25:00,so2,0.6811377777777777
2019-02-09 00:30:00,so2,0.655596984126984
2019-02-09 00:35:00,so2,0.604233943661972
2019-02-09 00:40:00,so2,0.5893131147540984
2019-02-09 00:45:00,so2,0.5880921428571426
2019-02-09 00:50:00,so2,0.6926170454545456
2019-02-09 00:55:00,so2,0.6415033333333334
2019-02-09 01:00:00,so2,0.5639466666666666
2019-02-09 01:05:00,so2,0.5302300000000001
2019-02-09 01:10:00,so2,0.6355838636363633
2019-02-09 01:15:00,so2,0.5311246296296298
2019-02-09 01:20:00,so2,0.5955592307692307
2019-02-09 01:25:00,so2,0.5962630000000001
2019-02-09 01:30:00,so2,0.616587818181818
2019-02-09 01:35:00,so2,0.5676137735849057
2019-02-09 01:40:00,so2,0.6103695744680849
2019-02-09 01:45:00,so2,0.5780670967741935
2019-02-09 01:50:00,so2,0.4439647692307691
2019-02-09 01:55:00,so2,0.5713494444444444
2019-02-09 02:00:00,so2,0.6285005263157896
2019-02-09 02:05:00,so2,0.5641033999999999
2019-02-09 02:10:00,so2,0.48900442307692316
2019-02-09 02:15:00,so2,0.5976716981132076
2019-02-09 02:20:00,so2,0.5507779999999999
2019-02-09 02:25:00,so2,0.5361424561403508
2019-02-09 02:30:00,so2,0.5050886666666666
2019-02-09 02:35:00,so2,0.5521386046511628
2019-02-09 02:40:00,so2,0.5366385454545454
2019-02-09 02:45:00,so2,0.5318635937500001
2019-02-09 02:50:00,so2,0.5567792592592592
2019-02-09 02:55:00,so2,0.5744840816326533
2019-02-09 03:00:00,so2,0.5451978431372548
2019-02-09 03:05:00,so2,0.5536129411764705
2019-02-09 03:10:00,so2,0.5854941666666665
2019-02-09 03:15:00,so2,0.6126777777777777
2019-02-09 03:20:00,so2,0.4895419354838708
2019-02-09 03:25:00,so2,0.4981492727272727
2019-02-09 03:30:00,so2,0.5740311764705882
2019-02-09 03:35:00,so2,0.597717142857143
2019-02-09 03:40:00,so2,0.544141923076923
2019-02-09 03:45:00,so2,0.4857352631578948
2019-02-09 03:50:00,so2,0.5460579166666667
2019-02-09 03:55:00,so2,0.5247450000000001
2019-02-09 04:00:00,so2,0.5611785714285716
2019-02-09 04:05:00,so2,0.56773
2019-02-09 04:10:00,so2,0.6056617073170733
2019-02-09 04:15:00,so2,0.4594745999999999
2019-02-09 04:20:00,so2,0.6024449056603772
2019-02-09 04:25:00,so2,0.4408098245614035
2019-02-09 04:30:00,so2,0.5459070588235295
2019-02-09 04:35:00,so2,0.5390754999999998
2019-02-09 04:40:00,so2,0.515802222222222
2019-02-09 04:45:00,so2,0.49281431034482764
2019-02-09 04:50:00,so2,0.4725386885245901
2019-02-09 04:55:00,so2,0.5669942857142857
2019-02-09 05:00:00,so2,0.47510622641509437
2019-02-09 05:05:00,so2,0.48221826086956515
2019-02-09 05:10:00,so2,0.5616041999999998
2019-02-09 05:15:00,so2,0.4401355932203391
2019-02-09 05:20:00,so2,0.5017997872340427
2019-02-09 05:25:00,so2,0.5574860784313727
2019-02-09 05:30:00,so2,0.43028142857142876
2019-02-09 05:35:00,so2,0.4874091666666668
2019-02-09 05:40:00,so2,0.4463905769230771
2019-02-09 05:45:00,so2,0.4981834
2019-02-09 05:50:00,so2,0.4629590322580646
2019-02-09 05:55:00,so2,0.4654258
2019-02-09 06:00:00,so2,0.590734081632653
2019-02-09 06:05:00,so2,0.478146
2019-02-09 06:10:00,so2,0.43648140350877196
2019-02-09 06:15:00,so2,0.43232080645161275
2019-02-09 06:20:00,so2,0.5117981632653064
2019-02-09 06:25:00,so2,0.47279145454545457
2019-02-09 06:30:00,so2,0.4552167346938775
2019-02-09 06:35:00,so2,0.432919298245614
2019-02-09 06:40:00,so2,0.4138196428571428
2019-02-09 06:45:00,so2,0.4454399999999999
2019-02-09 06:50:00,so2,0.5641772916666667
2019-02-09 06:55:00,so2,0.5065945714285713
2019-02-09 07:00:00,so2,0.5061767307692308
2019-02-09 07:05:00,so2,0.5105843859649123
2019-02-09 07:10:00,so2,0.4669888888888889
2019-02-09 07:15:00,so2,0.5286704081632654
2019-02-09 07:20:00,so2,0.4735158490566037
2019-02-09 07:25:00,so2,0.48538483870967747
2019-02-09 07:30:00,so2,0.4141225454545454
2019-02-09 07:35:00,so2,0.43528210526315786
2019-02-09 07:40:00,so2,0.4735609836065576
2019-02-09 07:45:00,so2,0.4482186440677966
2019-02-09 07:50:00,so2,0.5170624444444444
2019-02-09 07:55:00,so2,0.5332991304347827
2019-02-09 08:00:00,so2,0.4036868421052633
2019-02-09 08:05:00,so2,0.5413943478260869
2019-02-09 08:10:00,so2,0.4516135416666667
2019-02-09 08:15:00,so2,0.4547598360655737
2019-02-09 08:20:00,so2,0.46709984126984133
2019-02-09 08:25:00,so2,0.40999186440677976
2019-02-09 08:30:00,so2,0.4329352083333333
2019-02-09 08:35:00,so2,0.4518782142857141
2019-02-09 08:40:00,so2,0.447710806451613
2019-02-09 08:45:00,so2,0.4456117460317459
2019-02-09 08:50:00,so2,0.5085281250000001
2019-02-09 08:55:00,so2,0.47506214285714293
2019-02-09 09:00:00,so2,0.4757149152542373
2019-02-09 09:05:00,so2,0.44774671428571433
2019-02-09 09:10:00,so2,0.5543257142857142
2019-02-09 09:15:00,so2,0.5036974603174603
2019-02-09 09:20:00,so2,0.5051604444444445
2019-02-09 09:25:00,so2,0.5036174576271186
2019-02-09 09:30:00,so2,0.5552044230769231
2019-02-09 09:35:00,so2,0.47066869565217373
2019-02-09 09:40:00,so2,0.5001319047619048
2019-02-09 09:45:00,so2,0.43565557377049174
2019-02-09 09:50:00,so2,0.44186260000000005
2019-02-09 09:55:00,so2,0.5060017307692308
2019-02-09 10:00:00,so2,0.45852905660377374
2019-02-09 10:05:00,so2,0.4959472222222223
2019-02-09 10:10:00,so2,0.4832756338028169
2019-02-09 10:15:00,so2,0.4773731147540984
2019-02-09 10:20:00,so2,0.45612349206349206
2019-02-09 10:25:00,so2,0.6063899999999999
2019-02-09 10:30:00,so2,0.46883200000000025
2019-02-09 10:35:00,so2,0.39846905660377363
2019-02-09 10:40:00,so2,0.4576355172413794
2019-02-09 10:45:00,so2,0.44105500000000003
2019-02-09 10:50:00,so2,0.4697310000000001
2019-02-09 10:55:00,so2,0.4625424074074073
2019-02-09 11:00:00,so2,0.4408081632653061
2019-02-09 11:05:00,so2,0.614511568627451
2019-02-09 11:10:00,so2,0.4128160714285714
2019-02-09 11:15:00,so2,0.4819907142857143
2019-02-09 11:20:00,so2,0.4091456923076925
2019-02-09 11:25:00,so2,0.4634825806451613
2019-02-09 11:30:00,so2,0.39558666666666664
2019-02-09 11:35:00,so2,0.44395851063829783
2019-02-09 11:40:00,so2,0.40703360655737697
2019-02-09 11:45:00,so2,0.4165871153846154
2019-02-09 11:50:00,so2,0.5261361224489794
2019-02-09 11:55:00,so2,0.39023099999999994
2019-02-09 12:00:00,so2,0.3853364406779661
2019-02-09 12:05:00,so2,0.46488342105263164
2019-02-09 12:10:00,so2,0.49520452054794517
2019-02-09 12:15:00,so2,0.46539388059701486
2019-02-09 12:20:00,so2,0.49972835616438377
2019-02-09 12:25:00,so2,0.5087601587301588
2019-02-09 12:30:00,so2,0.4765014285714286
2019-02-09 12:35:00,so2,0.5008661904761905
2019-02-09 12:40:00,so2,0.5529158333333334
2019-02-09 12:45:00,so2,0.4805301612903227
2019-02-09 12:50:00,so2,0.5339707272727272
2019-02-09 12:55:00,so2,0.49469542857142873
2019-02-09 13:00:00,so2,0.50175078125
2019-02-09 13:05:00,so2,0.48718194029850737
2019-02-09 13:10:00,so2,0.5048574647887324
2019-02-09 13:15:00,so2,0.5370194827586207
2019-02-09 13:20:00,so2,0.4962925316455695
2019-02-09 13:25:00,so2,0.6254190909090909
2019-02-09 13:30:00,so2,0.5934747540983607
2019-02-09 13:35:00,so2,0.6797416363636364
2019-02-09 13:40:00,so2,0.5896196363636365
2019-02-09 13:45:00,so2,0.5831643055555555
2019-02-09 13:50:00,so2,0.5432302816901409
2019-02-09 13:55:00,so2,0.5274089705882353
2019-02-09 14:00:00,so2,0.6367814035087718
2019-02-09 14:05:00,so2,0.6289412121212121
2019-02-09 14:10:00,so2,0.7118453968253968
2019-02-09 14:15:00,so2,0.6583111940298507
2019-02-09 14:20:00,so2,0.670927076923077
2019-02-09 14:25:00,so2,0.8136379245283016
2019-02-09 14:30:00,so2,0.8407935
2019-02-09 14:35:00,so2,1.0543602173913043
2019-02-09 14:40:00,so2,0.8796665999999997
2019-02-09 14:45:00,so2,0.8426335483870973
2019-02-09 14:50:00,so2,0.9045400000000001
2019-02-09 14:55:00,so2,0.8650235593220338
2019-02-09 15:00:00,so2,1.1710871428571432
2019-02-09 15:05:00,so2,1.201972857142857
2019-02-09 15:10:00,so2,0.985237755102041
2019-02-09 15:15:00,so2,1.030352340425532
2019-02-09 15:20:00,so2,0.9740389361702128
2019-02-09 15:25:00,so2,1.0800682926829268
2019-02-09 15:30:00,so2,1.010126976744186
2019-02-09 15:35:00,so2,1.2087726190476187
2019-02-09 15:40:00,so2,1.0403175
2019-02-09 15:45:00,so2,1.3293928571428575
2019-02-09 15:50:00,so2,1.2605375
2019-02-09 15:55:00,so2,0.9460755357142857
2019-02-09 16:00:00,so2,1.1362115217391306
2019-02-09 16:05:00,so2,0.971721525423729
2019-02-09 16:10:00,so2,0.8684666071428573
2019-02-09 16:15:00,so2,0.9704100000000001
2019-02-09 16:20:00,so2,0.9890364705882354
2019-02-09 16:25:00,so2,0.9795598214285712
2019-02-09 16:30:00,so2,1.2748081395348836
2019-02-09 16:35:00,so2,1.3060329545454543
2019-02-09 16:40:00,so2,1.1548458333333331
2019-02-09 16:45:00,so2,0.8824426666666662
2019-02-09 16:50:00,so2,1.051465178571428
2019-02-09 16:55:00,so2,1.112031272727273
2019-02-09 17:00:00,so2,1.2401616666666666
2019-02-09 17:05:00,so2,0.9085290163934425
2019-02-09 17:10:00,so2,0.9613786666666667
2019-02-09 17:15:00,so2,0.953748787878788
2019-02-09 17:20:00,so2,1.0103959649122807
2019-02-09 17:25:00,so2,1.11575
2019-02-09 17:30:00,so2,1.0646460344827589
2019-02-09 17:35:00,so2,0.9650810344827588
2019-02-09 17:40:00,so2,1.06069693877551
2019-02-09 17:45:00,so2,0.9725672413793103
2019-02-09 17:50:00,so2,1.1097914000000002
2019-02-09 17:55:00,so2,1.106234680851064
2019-02-09 18:00:00,so2,1.0240047169811322
2019-02-09 18:05:00,so2,1.050208823529412
2019-02-09 18:10:00,so2,1.1184962
2019-02-09 18:15:00,so2,1.1846134782608693
2019-02-09 18:20:00,so2,0.8862566101694918
2019-02-09 18:25:00,so2,0.9763203448275865
2019-02-09 18:30:00,so2,1.004384444444444
2019-02-09 18:35:00,so2,0.936104909090909
2019-02-09 18:40:00,so2,0.9906428571428568
2019-02-09 18:45:00,so2,0.9253198113207546
2019-02-09 18:50:00,so2,0.8082847169811319
2019-02-09 18:55:00,so2,0.7570882142857142
2019-02-09 19:00:00,so2,0.7229225423728812
2019-02-09 19:05:00,so2,0.7796614285714284
2019-02-09 19:10:00,so2,0.7945024528301886
2019-02-09 19:15:00,so2,0.7134822033898306
2019-02-09 19:20:00,so2,0.5994423076923077
2019-02-09 19:25:00,so2,0.6340689062500003
2019-02-09 19:30:00,so2,0.5358531034482759
2019-02-09 19:35:00,so2,0.4779819402985075
2019-02-09 19:40:00,so2,0.569783404255319
2019-02-09 19:45:00,so2,0.49328634615384614
2019-02-09 19:50:00,so2,0.5557731818181819
2019-02-09 19:55:00,so2,0.7530985714285715
2019-02-09 20:00:00,so2,0.5475366666666666
2019-02-09 20:05:00,so2,0.42702745762711863
2019-02-09 20:10:00,so2,0.5943431914893618
2019-02-09 20:15:00,so2,0.6013243243243244
2019-02-09 20:20:00,so2,0.497293409090909
2019-02-09 20:25:00,so2,0.6816780555555556
2019-02-09 20:30:00,so2,0.49979150943396233
2019-02-09 20:35:00,so2,0.5677172916666666
2019-02-09 20:40:00,so2,0.5623341176470588
2019-02-09 20:45:00,so2,0.5989675555555556
2019-02-09 20:50:00,so2,0.5749779999999998
2019-02-09 20:55:00,so2,0.4835632558139536
2019-02-09 21:00:00,so2,0.5456478571428572
2019-02-09 21:05:00,so2,0.49075217391304354
2019-02-09 21:10:00,so2,0.49905078431372557
2019-02-09 21:15:00,so2,0.5374902272727273
2019-02-09 21:20:00,so2,0.663048333333333
2019-02-09 21:25:00,so2,0.5380224444444444
2019-02-09 21:30:00,so2,0.5164275000000002
2019-02-09 21:35:00,so2,0.5116864
2019-02-09 21:40:00,so2,0.5258572000000001
2019-02-09 21:45:00,so2,0.6744628125000001
2019-02-09 21:50:00,so2,0.6418706060606061
2019-02-09 21:55:00,so2,0.49475325581395335
2019-02-09 22:00:00,so2,0.39000018867924524
2019-02-09 22:05:00,so2,0.4464433333333333
2019-02-09 22:10:00,so2,0.5404644444444443
2019-02-09 22:15:00,so2,0.454976976744186
2019-02-09 22:20:00,so2,0.4777306666666666
2019-02-09 22:25:00,so2,0.4126649019607844
2019-02-09 22:30:00,so2,0.5597543589743588
2019-02-09 22:35:00,so2,0.5321632608695652
2019-02-09 22:40:00,so2,0.5434424390243904
2019-02-09 22:45:00,so2,0.4505135294117647
2019-02-09 22:50:00,so2,0.5429554
2019-02-09 22:55:00,so2,0.520698108108108
2019-02-09 23:00:00,so2,0.48486744680851046
2019-02-09 23:05:00,so2,0.6231802325581395
2019-02-09 23:10:00,so2,0.6001312820512821
2019-02-09 23:15:00,so2,0.5506636000000001
2019-02-09 23:20:00,so2,0.6932508571428568
2019-02-09 23:25:00,so2,0.5562584
2019-02-09 23:30:00,so2,0.793025
2019-02-09 23:35:00,so2,0.6408442857142858
2019-02-09 23:40:00,so2,0.70142375
2019-02-09 23:45:00,so2,0.5878376785714287
2019-02-09 23:50:00,so2,0.6345541666666668
2019-02-09 23:55:00,so2,0.5494151666666666
2019-02-10 00:00:00,so2,0.5679608474576271
2019-02-10 00:05:00,so2,0.6383424444444447
2019-02-10 00:10:00,so2,0.5227371666666666
2019-02-10 00:15:00,so2,0.732622
2019-02-10 00:20:00,so2,0.6779134
2019-02-10 00:25:00,so2,0.736759090909091
2019-02-10 00:30:00,so2,0.6240019565217392
2019-02-10 00:35:00,so2,0.5486158333333333
2019-02-10 00:40:00,so2,0.6269777358490563
2019-02-10 00:45:00,so2,0.5810245283018869
2019-02-10 00:50:00,so2,0.8677127027027023
2019-02-10 00:55:00,so2,0.6652104444444444
2019-02-10 01:00:00,so2,0.6048124999999999
2019-02-10 01:05:00,so2,0.7099068292682924
2019-02-10 01:10:00,so2,0.6649619148936171
2019-02-10 01:15:00,so2,0.6299790384615386
2019-02-10 01:20:00,so2,0.6424164814814817
2019-02-10 01:25:00,so2,0.656395111111111
2019-02-10 01:30:00,so2,0.6463113333333333
2019-02-10 01:35:00,so2,0.6864753846153847
2019-02-10 01:40:00,so2,0.6504253061224489
2019-02-10 01:45:00,so2,0.6207754347826085
2019-02-10 01:50:00,so2,0.6125004651162793
2019-02-10 01:55:00,so2,0.6197902325581396
2019-02-10 02:00:00,so2,0.8860680555555557
2019-02-10 02:05:00,so2,0.6727602325581397
2019-02-10 02:10:00,so2,0.5845486666666667
2019-02-10 02:15:00,so2,0.629755581395349
2019-02-10 02:20:00,so2,0.5471758333333333
2019-02-10 02:25:00,so2,0.6214408000000001
2019-02-10 02:30:00,so2,0.7623283783783784
2019-02-10 02:35:00,so2,0.6168451282051282
2019-02-10 02:40:00,so2,0.6560327777777777
2019-02-10 02:45:00,so2,0.6081378431372549
2019-02-10 02:50:00,so2,0.634853125
2019-02-10 02:55:00,so2,0.6360315789473685
2019-02-10 03:00:00,so2,0.6554224999999998
2019-02-10 03:05:00,so2,0.543479
2019-02-10 03:10:00,so2,0.5648025581395348
2019-02-10 03:15:00,so2,1.2418170370370372
2019-02-10 03:20:00,so2,0.5168817777777779
2019-02-10 03:25:00,so2,0.5666260000000001
2019-02-10 03:30:00,so2,0.5488435849056605
2019-02-10 03:35:00,so2,0.5955431707317074
2019-02-10 03:40:00,so2,0.5698378723404255
2019-02-10 03:45:00,so2,0.5661713953488374
2019-02-10 03:50:00,so2,0.5110897727272727
2019-02-10 03:55:00,so2,0.574543
2019-02-10 04:00:00,so2,0.4458550943396225
2019-02-10 04:05:00,so2,0.5785781081081082
2019-02-10 04:10:00,so2,0.5161555555555556
2019-02-10 04:15:00,so2,0.5172038000000001
2019-02-10 04:20:00,so2,0.534184
2019-02-10 04:25:00,so2,0.4151258
2019-02-10 04:30:00,so2,0.45371463414634144
2019-02-10 04:35:00,so2,0.5065138461538462
2019-02-10 04:40:00,so2,0.5962448571428571
2019-02-10 04:45:00,so2,0.4801192727272729
2019-02-10 04:50:00,so2,0.4809791666666667
2019-02-10 04:55:00,so2,0.4845606976744186
2019-02-10 05:00:00,so2,0.511331707317073
2019-02-10 05:05:00,so2,0.44941978723404247
2019-02-10 05:10:00,so2,0.72357
2019-02-10 05:15:00,so2,1.5990140909090913
2019-02-10 05:20:00,so2,0.7602655769230773
2019-02-10 05:25:00,so2,0.5168639534883721
2019-02-10 05:30:00,so2,0.5332598039215688
2019-02-10 05:35:00,so2,0.845586037735849
2019-02-10 05:40:00,so2,0.5571995121951221
2019-02-10 05:45:00,so2,0.5312830952380951
2019-02-10 05:50:00,so2,0.4707659615384615
2019-02-10 05:55:00,so2,0.5562964102564104
2019-02-10 06:00:00,so2,0.5286941463414634
2019-02-10 06:05:00,so2,0.4630275000000001
2019-02-10 06:10:00,so2,0.5812285714285713
2019-02-10 06:15:00,so2,0.4678323076923077
2019-02-10 06:20:00,so2,0.5557037837837837
2019-02-10 06:25:00,so2,0.39916410714285705
2019-02-10 06:30:00,so2,0.5535175
2019-02-10 06:35:00,so2,0.42589767441860465
2019-02-10 06:40:00,so2,0.5297221739130435
2019-02-10 06:45:00,so2,0.40906728813559323
2019-02-10 06:50:00,so2,0.4802675510204081
2019-02-10 06:55:00,so2,0.5628408888888891
2019-02-10 07:00:00,so2,0.4203534042553192
2019-02-10 07:05:00,so2,0.4243317647058823
2019-02-10 07:10:00,so2,0.4726729787234042
2019-02-10 07:15:00,so2,0.405829387755102
2019-02-10 07:20:00,so2,0.5161406122448979
2019-02-10 07:25:00,so2,0.35529541666666664
2019-02-10 07:30:00,so2,0.4199715789473685
2019-02-10 07:35:00,so2,0.3743957142857142
2019-02-10 07:40:00,so2,0.389820185185185
2019-02-10 07:45:00,so2,0.4704267857142856
2019-02-10 07:50:00,so2,0.49306686567164176
2019-02-10 07:55:00,so2,0.7659824590163937
2019-02-10 08:00:00,so2,1.1934904687500003
2019-02-10 08:05:00,so2,1.5574222388059695
2019-02-10 08:10:00,so2,1.6649279729729725
2019-02-10 08:15:00,so2,1.8145627536231888
2019-02-10 08:20:00,so2,2.8018740740740733
2019-02-10 08:25:00,so2,3.569331272727273
2019-02-10 08:30:00,so2,3.6094478947368422
2019-02-10 08:35:00,so2,2.7543103333333336
2019-02-10 08:40:00,so2,3.207584827586207
2019-02-10 08:45:00,so2,0.5234052830188679
2019-02-10 08:50:00,so2,0.36571545454545445
2019-02-10 08:55:00,so2,0.4138535593220339
2019-02-10 09:00:00,so2,0.6044420588235293
2019-02-10 09:05:00,so2,0.4223228260869564
2019-02-10 09:10:00,so2,0.45933444444444443
2019-02-10 09:15:00,so2,0.5122821212121214
2019-02-10 09:20:00,so2,0.4559384
2019-02-10 09:25:00,so2,0.4738578181818182
2019-02-10 09:30:00,so2,0.45998272727272715
2019-02-10 09:35:00,so2,0.4939833333333333
2019-02-10 09:40:00,so2,0.54038875
2019-02-10 09:45:00,so2,0.5600013888888887
2019-02-10 09:50:00,so2,0.9198798113207547
2019-02-10 09:55:00,so2,0.9001734615384618
2019-02-10 10:00:00,so2,0.9506064912280697
2019-02-10 10:05:00,so2,0.8079994545454549
2019-02-10 10:10:00,so2,1.0755995081967211
2019-02-10 10:15:00,so2,1.3654149122807018
2019-02-10 10:20:00,so2,1.468494426229508
2019-02-10 10:25:00,so2,1.888263333333334
2019-02-10 10:30:00,so2,2.2459866666666666
2019-02-10 10:35:00,so2,2.3054472413793103
2019-02-10 10:40:00,so2,2.6491471153846153
2019-02-10 10:45:00,so2,2.728395636363637
2019-02-10 10:50:00,so2,2.6940569811320754
2019-02-10 10:55:00,so2,2.917543934426231
2019-02-10 11:00:00,so2,3.6909532075471687
2019-02-10 11:05:00,so2,1.343370185185184
2019-02-10 11:10:00,so2,0.48014904761904764
2019-02-10 11:15:00,so2,0.5511309756097561
2019-02-10 11:20:00,so2,0.45306057692307683
2019-02-10 11:25:00,so2,0.496052962962963
2019-02-10 11:30:00,so2,0.500485
2019-02-10 11:35:00,so2,0.5147206818181819
2019-02-10 11:40:00,so2,0.49833365853658534
2019-02-10 11:45:00,so2,0.5911584615384614
2019-02-10 11:50:00,so2,0.49762363636363616
2019-02-10 11:55:00,so2,0.4724735294117647
2019-02-10 12:00:00,so2,0.5828960000000001
2019-02-10 12:05:00,so2,0.5309423529411765
2019-02-10 12:10:00,so2,0.5732075471698114
2019-02-10 12:15:00,so2,0.5305450980392158
2019-02-10 12:20:00,so2,0.5797365217391303
2019-02-10 12:25:00,so2,0.4992171999999999
2019-02-10 12:30:00,so2,0.5069912244897959
2019-02-10 12:35:00,so2,0.47762291666666656
2019-02-10 12:40:00,so2,0.5122561224489797
2019-02-10 12:45:00,so2,0.5462004255319151
2019-02-10 12:50:00,so2,0.60332425
2019-02-10 12:55:00,so2,0.5273202040816326
2019-02-10 13:00:00,so2,0.45822859999999993
2019-02-10 13:05:00,so2,0.5341334693877551
2019-02-10 13:10:00,so2,0.5294646808510638
2019-02-10 13:15:00,so2,0.5527996000000001
2019-02-10 13:20:00,so2,0.47994477272727276
2019-02-10 13:25:00,so2,0.5998209302325582
2019-02-10 13:30:00,so2,0.5811893333333334
2019-02-10 13:35:00,so2,0.553297608695652
2019-02-10 13:40:00,so2,0.5496338095238095
2019-02-10 13:45:00,so2,0.4722213725490197
2019-02-10 13:50:00,so2,0.6175547727272728
2019-02-10 13:55:00,so2,0.5216884444444445
2019-02-10 14:00:00,so2,0.5534980434782607
2019-02-10 14:05:00,so2,0.5114445833333334
2019-02-10 14:10:00,so2,0.487678
2019-02-10 14:15:00,so2,0.5349361702127658
2019-02-10 14:20:00,so2,0.5463195555555556
2019-02-10 14:25:00,so2,0.5414227272727272
2019-02-10 14:30:00,so2,0.4446724074074074
2019-02-10 14:35:00,so2,0.45285666666666674
2019-02-10 14:40:00,so2,0.49635374999999987
2019-02-10 14:45:00,so2,0.5387384782608694
2019-02-10 14:50:00,so2,0.5632151515151516
2019-02-10 14:55:00,so2,0.5413590196078432
2019-02-10 15:00:00,so2,0.410749
2019-02-10 15:05:00,so2,0.49565785714285715
2019-02-10 15:10:00,so2,0.5248993023255814
2019-02-10 15:15:00,so2,0.3964195454545454
2019-02-10 15:20:00,so2,0.46222025641025627
2019-02-10 15:25:00,so2,0.5204565789473683
2019-02-10 15:30:00,so2,0.5528539024390243
2019-02-10 15:35:00,so2,0.5476485714285715
2019-02-10 15:40:00,so2,0.47082000000000007
2019-02-10 15:45:00,so2,0.5316880952380952
2019-02-10 15:50:00,so2,0.48163275
2019-02-10 15:55:00,so2,0.45999707317073174
2019-02-10 16:00:00,so2,0.5079280952380953
2019-02-10 16:05:00,so2,0.5708828947368418
2019-02-10 16:10:00,so2,0.5690092307692307
2019-02-10 16:15:00,so2,0.5344263414634146
2019-02-10 16:20:00,so2,0.5084541176470588
2019-02-10 16:25:00,so2,0.5346274358974359
2019-02-10 16:30:00,so2,0.5324
2019-02-10 16:35:00,so2,0.5577635897435897
2019-02-10 16:40:00,so2,0.5881621874999999
2019-02-10 16:45:00,so2,0.5643357499999999
2019-02-10 16:50:00,so2,0.5976409090909091
2019-02-10 16:55:00,so2,0.4925297058823529
2019-02-10 17:00:00,so2,0.5416046341463414
2019-02-10 17:05:00,so2,0.48396760869565225
2019-02-10 17:10:00,so2,0.5511250000000001
2019-02-10 17:15:00,so2,0.5301272222222223
2019-02-10 17:20:00,so2,0.5303607692307692
2019-02-10 17:25:00,so2,0.5006317391304347
2019-02-10 17:30:00,so2,0.5472618918918919
2019-02-10 17:35:00,so2,0.5631742500000001
2019-02-10 17:40:00,so2,0.5580143589743589
2019-02-10 17:45:00,so2,0.5550388235294118
2019-02-10 17:50:00,so2,0.473225
2019-02-10 17:55:00,so2,0.5498902380952382
2019-02-10 18:00:00,so2,0.4432064285714287
2019-02-10 18:05:00,so2,0.44552760869565217
2019-02-10 18:10:00,so2,0.40465025
2019-02-10 18:15:00,so2,0.43221042553191485
2019-02-10 18:20:00,so2,0.48059414634146325
2019-02-10 18:25:00,so2,0.4385159999999999
2019-02-10 18:30:00,so2,0.4823690243902439
2019-02-10 18:35:00,so2,0.419858510638298
2019-02-10 18:40:00,so2,0.4521860869565217
2019-02-10 18:45:00,so2,0.42774583333333327
2019-02-10 18:50:00,so2,0.5020648571428571
2019-02-10 18:55:00,so2,0.5458299999999999
2019-02-10 19:00:00,so2,0.47331619047619033
2019-02-10 19:05:00,so2,0.4797342105263158
2019-02-10 19:10:00,so2,0.4145293333333333
2019-02-10 19:15:00,so2,0.457128780487805
2019-02-10 19:20:00,so2,0.4753323255813953
2019-02-10 19:25:00,so2,0.6264165
2019-02-10 19:30:00,so2,0.7339282926829268
2019-02-10 19:35:00,so2,0.6380769565217391
2019-02-10 19:40:00,so2,0.5603546296296297
2019-02-10 19:45:00,so2,0.7762340000000001
2019-02-10 19:50:00,so2,0.6222118032786886
2019-02-10 19:55:00,so2,0.8124361363636363
2019-02-10 20:00:00,so2,0.6502752941176471
2019-02-10 20:05:00,so2,1.1230745454545457
2019-02-10 20:10:00,so2,1.3387057777777778
2019-02-10 20:15:00,so2,1.612413571428571
2019-02-10 20:20:00,so2,1.6924595454545455
2019-02-10 20:25:00,so2,1.7981616279069768
2019-02-10 20:30:00,so2,2.0195876923076925
2019-02-10 20:35:00,so2,1.9147226666666666
2019-02-10 20:40:00,so2,2.2452391111111107
2019-02-10 20:45:00,so2,2.297865625
2019-02-10 20:50:00,so2,2.944855434782609
2019-02-10 20:55:00,so2,3.992812439024391
2019-02-10 21:00:00,so2,3.9749434883720944
2019-02-10 21:05:00,so2,4.113966279069766
2019-02-10 21:10:00,so2,4.8228928947368415
2019-02-10 21:15:00,so2,4.3307471739130445
2019-02-10 21:20:00,so2,5.529873684210526
2019-02-10 21:25:00,so2,4.011937333333335
2019-02-10 21:30:00,so2,4.739904782608696
2019-02-10 21:35:00,so2,4.649772653061226
2019-02-10 21:40:00,so2,4.144295849056604
2019-02-10 21:45:00,so2,4.619623207547171
2019-02-10 21:50:00,so2,1.795751463414634
2019-02-10 21:55:00,so2,0.3669713157894738
2019-02-10 22:00:00,so2,0.46813387096774195
2019-02-10 22:05:00,so2,0.5689852941176469
2019-02-10 22:10:00,so2,0.44504325581395343
2019-02-10 22:15:00,so2,0.43773857142857153
2019-02-10 22:20:00,so2,0.43054615384615386
2019-02-10 22:25:00,so2,2.7046731428571427
2019-02-10 22:30:00,so2,5.372659
2019-02-10 22:35:00,so2,4.712765833333333
2019-02-10 22:40:00,so2,5.316359148936171
2019-02-10 22:45:00,so2,1.0745719444444446
2019-02-10 22:50:00,so2,0.4935437837837837
2019-02-10 22:55:00,so2,0.5335378787878786
2019-02-10 23:00:00,so2,0.6507621874999999
2019-02-10 23:05:00,so2,0.5332717241379311
2019-02-10 23:10:00,so2,0.6178765625000002
2019-02-10 23:15:00,so2,0.5250607407407407
2019-02-10 23:20:00,so2,0.43551999999999985
2019-02-10 23:25:00,so2,0.4633988571428571
2019-02-10 23:30:00,so2,0.3591365853658536
2019-02-10 23:35:00,so2,0.4675436842105263
2019-02-10 23:40:00,so2,0.41822194444444444
2019-02-10 23:45:00,so2,0.4624446666666667
2019-02-10 23:50:00,so2,0.421885294117647
2019-02-10 23:55:00,so2,0.44551432432432436
